-- =========================================================
-- DEMO SQL SEED - JLPT N5
-- Tác dụng:
--   1) Tạo bộ bảng demo riêng để tránh đụng schema project hiện tại
--   2) Seed đầy đủ dữ liệu N5 theo khung yêu cầu
--   3) Có sẵn đáp án đúng trong bảng DemoJLPT_QuestionOptions (IsCorrect = 1)
--
-- Số liệu seed:
--   - 1 Level (N5)
--   - 5 Topics
--   - 41 Lessons
--   - 355 Questions
--   - 1420 Options
--
-- Gợi ý mapping về project thật:
--   DemoJLPT_Levels          -> Levels
--   DemoJLPT_Topics          -> Topics
--   DemoJLPT_Lessons         -> Lessons
--   DemoJLPT_Questions       -> Questions
--   DemoJLPT_QuestionOptions -> QuestionOptions / Answers
-- =========================================================

USE [DuolingoJP];
GO

SET NOCOUNT ON;
SET XACT_ABORT ON;

BEGIN TRY
    BEGIN TRANSACTION;

    IF OBJECT_ID(N'dbo.DemoJLPT_QuestionOptions', N'U') IS NOT NULL DROP TABLE dbo.DemoJLPT_QuestionOptions;
    IF OBJECT_ID(N'dbo.DemoJLPT_Questions', N'U') IS NOT NULL DROP TABLE dbo.DemoJLPT_Questions;
    IF OBJECT_ID(N'dbo.DemoJLPT_Lessons', N'U') IS NOT NULL DROP TABLE dbo.DemoJLPT_Lessons;
    IF OBJECT_ID(N'dbo.DemoJLPT_Topics', N'U') IS NOT NULL DROP TABLE dbo.DemoJLPT_Topics;
    IF OBJECT_ID(N'dbo.DemoJLPT_Levels', N'U') IS NOT NULL DROP TABLE dbo.DemoJLPT_Levels;

    CREATE TABLE dbo.DemoJLPT_Levels
    (
        LevelId     INT            NOT NULL PRIMARY KEY,
        LevelCode   NVARCHAR(20)   NOT NULL,
        LevelName   NVARCHAR(100)  NOT NULL,
        SortOrder   INT            NOT NULL
    );

    CREATE TABLE dbo.DemoJLPT_Topics
    (
        TopicId      INT            NOT NULL PRIMARY KEY,
        LevelId      INT            NOT NULL,
        TopicCode    NVARCHAR(50)   NOT NULL,
        TopicName    NVARCHAR(200)  NOT NULL,
        SortOrder    INT            NOT NULL,
        CONSTRAINT FK_DemoJLPT_Topics_Levels
            FOREIGN KEY (LevelId) REFERENCES dbo.DemoJLPT_Levels(LevelId)
    );

    CREATE TABLE dbo.DemoJLPT_Lessons
    (
        LessonId      INT             NOT NULL PRIMARY KEY,
        TopicId       INT             NOT NULL,
        LessonCode    NVARCHAR(50)    NOT NULL,
        LessonName    NVARCHAR(200)   NOT NULL,
        Description   NVARCHAR(500)   NULL,
        SortOrder     INT             NOT NULL,
        CONSTRAINT FK_DemoJLPT_Lessons_Topics
            FOREIGN KEY (TopicId) REFERENCES dbo.DemoJLPT_Topics(TopicId)
    );

    CREATE TABLE dbo.DemoJLPT_Questions
    (
        QuestionId     INT              NOT NULL PRIMARY KEY,
        LessonId       INT              NOT NULL,
        QuestionText   NVARCHAR(1000)   NOT NULL,
        QuestionType   NVARCHAR(50)     NOT NULL DEFAULT N'MCQ',
        Explanation    NVARCHAR(1000)   NULL,
        SortOrder      INT              NOT NULL,
        CONSTRAINT FK_DemoJLPT_Questions_Lessons
            FOREIGN KEY (LessonId) REFERENCES dbo.DemoJLPT_Lessons(LessonId)
    );

    CREATE TABLE dbo.DemoJLPT_QuestionOptions
    (
        OptionId       INT              NOT NULL PRIMARY KEY,
        QuestionId     INT              NOT NULL,
        OptionLabel    NVARCHAR(5)      NOT NULL,
        OptionText     NVARCHAR(500)    NOT NULL,
        IsCorrect      BIT              NOT NULL,
        SortOrder      INT              NOT NULL,
        CONSTRAINT FK_DemoJLPT_Options_Questions
            FOREIGN KEY (QuestionId) REFERENCES dbo.DemoJLPT_Questions(QuestionId)
    );
    INSERT INTO dbo.DemoJLPT_Levels (LevelId, LevelCode, LevelName, SortOrder)
    VALUES
    (1, N'N5', N'JLPT N5', 1);
    INSERT INTO dbo.DemoJLPT_Topics (TopicId, LevelId, TopicCode, TopicName, SortOrder)
    VALUES
    (1, 1, N'HIRAGANA', N'Hiragana', 1),
    (2, 1, N'KATAKANA', N'Katakana', 2),
    (3, 1, N'VOCAB_N5', N'Từ vựng sơ cấp', 3),
    (4, 1, N'GRAMMAR_N5', N'Ngữ pháp sơ cấp', 4),
    (5, 1, N'KANJI_N5', N'Kanji sơ cấp', 5);
    INSERT INTO dbo.DemoJLPT_Lessons (LessonId, TopicId, LessonCode, LessonName, Description, SortOrder)
    VALUES
    (1, 1, N'N5_HIRA_A', N'Hàng a', N'Ôn tập Hiragana hàng a với 10 câu trắc nghiệm.', 1),
    (2, 1, N'N5_HIRA_KA', N'Hàng ka', N'Ôn tập Hiragana hàng ka với 10 câu trắc nghiệm.', 2),
    (3, 1, N'N5_HIRA_GA', N'Hàng ga', N'Ôn tập Hiragana hàng ga với 10 câu trắc nghiệm.', 3),
    (4, 1, N'N5_HIRA_SA', N'Hàng sa', N'Ôn tập Hiragana hàng sa với 10 câu trắc nghiệm.', 4),
    (5, 1, N'N5_HIRA_ZA', N'Hàng za', N'Ôn tập Hiragana hàng za với 10 câu trắc nghiệm.', 5),
    (6, 1, N'N5_HIRA_TA', N'Hàng ta', N'Ôn tập Hiragana hàng ta với 10 câu trắc nghiệm.', 6),
    (7, 1, N'N5_HIRA_DA', N'Hàng da', N'Ôn tập Hiragana hàng da với 10 câu trắc nghiệm.', 7),
    (8, 1, N'N5_HIRA_NA', N'Hàng na', N'Ôn tập Hiragana hàng na với 10 câu trắc nghiệm.', 8),
    (9, 1, N'N5_HIRA_HA', N'Hàng ha', N'Ôn tập Hiragana hàng ha với 10 câu trắc nghiệm.', 9),
    (10, 1, N'N5_HIRA_BA', N'Hàng ba', N'Ôn tập Hiragana hàng ba với 10 câu trắc nghiệm.', 10),
    (11, 1, N'N5_HIRA_PA', N'Hàng pa', N'Ôn tập Hiragana hàng pa với 10 câu trắc nghiệm.', 11),
    (12, 1, N'N5_HIRA_MA', N'Hàng ma', N'Ôn tập Hiragana hàng ma với 10 câu trắc nghiệm.', 12),
    (13, 1, N'N5_HIRA_YA', N'Hàng ya', N'Ôn tập Hiragana hàng ya với 10 câu trắc nghiệm.', 13),
    (14, 1, N'N5_HIRA_RA', N'Hàng ra', N'Ôn tập Hiragana hàng ra với 10 câu trắc nghiệm.', 14),
    (15, 1, N'N5_HIRA_WA', N'Hàng wa', N'Ôn tập Hiragana hàng wa với 10 câu trắc nghiệm.', 15),
    (16, 2, N'N5_KATA_A', N'Hàng a', N'Ôn tập Katakana hàng a với 10 câu trắc nghiệm.', 1),
    (17, 2, N'N5_KATA_KA', N'Hàng ka', N'Ôn tập Katakana hàng ka với 10 câu trắc nghiệm.', 2),
    (18, 2, N'N5_KATA_GA', N'Hàng ga', N'Ôn tập Katakana hàng ga với 10 câu trắc nghiệm.', 3),
    (19, 2, N'N5_KATA_SA', N'Hàng sa', N'Ôn tập Katakana hàng sa với 10 câu trắc nghiệm.', 4),
    (20, 2, N'N5_KATA_ZA', N'Hàng za', N'Ôn tập Katakana hàng za với 10 câu trắc nghiệm.', 5),
    (21, 2, N'N5_KATA_TA', N'Hàng ta', N'Ôn tập Katakana hàng ta với 10 câu trắc nghiệm.', 6),
    (22, 2, N'N5_KATA_DA', N'Hàng da', N'Ôn tập Katakana hàng da với 10 câu trắc nghiệm.', 7),
    (23, 2, N'N5_KATA_NA', N'Hàng na', N'Ôn tập Katakana hàng na với 10 câu trắc nghiệm.', 8),
    (24, 2, N'N5_KATA_HA', N'Hàng ha', N'Ôn tập Katakana hàng ha với 10 câu trắc nghiệm.', 9),
    (25, 2, N'N5_KATA_BA', N'Hàng ba', N'Ôn tập Katakana hàng ba với 10 câu trắc nghiệm.', 10),
    (26, 2, N'N5_KATA_PA', N'Hàng pa', N'Ôn tập Katakana hàng pa với 10 câu trắc nghiệm.', 11),
    (27, 2, N'N5_KATA_MA', N'Hàng ma', N'Ôn tập Katakana hàng ma với 10 câu trắc nghiệm.', 12),
    (28, 2, N'N5_KATA_YA', N'Hàng ya', N'Ôn tập Katakana hàng ya với 10 câu trắc nghiệm.', 13),
    (29, 2, N'N5_KATA_RA', N'Hàng ra', N'Ôn tập Katakana hàng ra với 10 câu trắc nghiệm.', 14),
    (30, 2, N'N5_KATA_WA', N'Hàng wa', N'Ôn tập Katakana hàng wa với 10 câu trắc nghiệm.', 15),
    (31, 3, N'N5_VOCAB_1', N'Chào hỏi cơ bản', N'Từ vựng N5 chủ đề chào hỏi cơ bản với 5 câu trắc nghiệm.', 1),
    (32, 3, N'N5_VOCAB_2', N'Gia đình', N'Từ vựng N5 chủ đề gia đình với 5 câu trắc nghiệm.', 2),
    (33, 3, N'N5_VOCAB_3', N'Trường học và đồ dùng', N'Từ vựng N5 chủ đề trường học và đồ dùng với 5 câu trắc nghiệm.', 3),
    (34, 4, N'N5_GRAMMAR_1', N'Mẫu câu A は B です', N'Ngữ pháp N5: Mẫu câu A は B です với 5 câu trắc nghiệm.', 1),
    (35, 4, N'N5_GRAMMAR_2', N'Trợ từ の', N'Ngữ pháp N5: Trợ từ の với 5 câu trắc nghiệm.', 2),
    (36, 4, N'N5_GRAMMAR_3', N'Mẫu câu nghi vấn với か', N'Ngữ pháp N5: Mẫu câu nghi vấn với か với 5 câu trắc nghiệm.', 3),
    (37, 5, N'N5_KANJI_1', N'Kanji 日', N'Kanji N5: Kanji 日 với 5 câu trắc nghiệm.', 1),
    (38, 5, N'N5_KANJI_2', N'Kanji 月', N'Kanji N5: Kanji 月 với 5 câu trắc nghiệm.', 2),
    (39, 5, N'N5_KANJI_3', N'Kanji 人', N'Kanji N5: Kanji 人 với 5 câu trắc nghiệm.', 3),
    (40, 5, N'N5_KANJI_4', N'Kanji 山', N'Kanji N5: Kanji 山 với 5 câu trắc nghiệm.', 4),
    (41, 5, N'N5_KANJI_5', N'Kanji 水', N'Kanji N5: Kanji 水 với 5 câu trắc nghiệm.', 5);
    INSERT INTO dbo.DemoJLPT_Questions (QuestionId, LessonId, QuestionText, QuestionType, Explanation, SortOrder)
    VALUES
    (1, 1, N'Chọn chữ Hiragana đúng với âm "a".', N'MCQ', N'Âm "a" trong Hiragana được viết là "あ".', 1),
    (2, 1, N'Chọn chữ Hiragana đúng với âm "i".', N'MCQ', N'Âm "i" trong Hiragana được viết là "い".', 2),
    (3, 1, N'Chọn chữ Hiragana đúng với âm "u".', N'MCQ', N'Âm "u" trong Hiragana được viết là "う".', 3),
    (4, 1, N'Chọn chữ Hiragana đúng với âm "e".', N'MCQ', N'Âm "e" trong Hiragana được viết là "え".', 4),
    (5, 1, N'Chọn chữ Hiragana đúng với âm "o".', N'MCQ', N'Âm "o" trong Hiragana được viết là "お".', 5),
    (6, 1, N'Âm đọc đúng của chữ Hiragana "あ" là gì?', N'MCQ', N'Chữ Hiragana "あ" được đọc là "a".', 6),
    (7, 1, N'Âm đọc đúng của chữ Hiragana "い" là gì?', N'MCQ', N'Chữ Hiragana "い" được đọc là "i".', 7),
    (8, 1, N'Âm đọc đúng của chữ Hiragana "う" là gì?', N'MCQ', N'Chữ Hiragana "う" được đọc là "u".', 8),
    (9, 1, N'Âm đọc đúng của chữ Hiragana "え" là gì?', N'MCQ', N'Chữ Hiragana "え" được đọc là "e".', 9),
    (10, 1, N'Âm đọc đúng của chữ Hiragana "お" là gì?', N'MCQ', N'Chữ Hiragana "お" được đọc là "o".', 10),
    (11, 2, N'Chọn chữ Hiragana đúng với âm "ka".', N'MCQ', N'Âm "ka" trong Hiragana được viết là "か".', 1),
    (12, 2, N'Chọn chữ Hiragana đúng với âm "ki".', N'MCQ', N'Âm "ki" trong Hiragana được viết là "き".', 2),
    (13, 2, N'Chọn chữ Hiragana đúng với âm "ku".', N'MCQ', N'Âm "ku" trong Hiragana được viết là "く".', 3),
    (14, 2, N'Chọn chữ Hiragana đúng với âm "ke".', N'MCQ', N'Âm "ke" trong Hiragana được viết là "け".', 4),
    (15, 2, N'Chọn chữ Hiragana đúng với âm "ko".', N'MCQ', N'Âm "ko" trong Hiragana được viết là "こ".', 5),
    (16, 2, N'Âm đọc đúng của chữ Hiragana "か" là gì?', N'MCQ', N'Chữ Hiragana "か" được đọc là "ka".', 6),
    (17, 2, N'Âm đọc đúng của chữ Hiragana "き" là gì?', N'MCQ', N'Chữ Hiragana "き" được đọc là "ki".', 7),
    (18, 2, N'Âm đọc đúng của chữ Hiragana "く" là gì?', N'MCQ', N'Chữ Hiragana "く" được đọc là "ku".', 8),
    (19, 2, N'Âm đọc đúng của chữ Hiragana "け" là gì?', N'MCQ', N'Chữ Hiragana "け" được đọc là "ke".', 9),
    (20, 2, N'Âm đọc đúng của chữ Hiragana "こ" là gì?', N'MCQ', N'Chữ Hiragana "こ" được đọc là "ko".', 10),
    (21, 3, N'Chọn chữ Hiragana đúng với âm "ga".', N'MCQ', N'Âm "ga" trong Hiragana được viết là "が".', 1),
    (22, 3, N'Chọn chữ Hiragana đúng với âm "gi".', N'MCQ', N'Âm "gi" trong Hiragana được viết là "ぎ".', 2),
    (23, 3, N'Chọn chữ Hiragana đúng với âm "gu".', N'MCQ', N'Âm "gu" trong Hiragana được viết là "ぐ".', 3),
    (24, 3, N'Chọn chữ Hiragana đúng với âm "ge".', N'MCQ', N'Âm "ge" trong Hiragana được viết là "げ".', 4),
    (25, 3, N'Chọn chữ Hiragana đúng với âm "go".', N'MCQ', N'Âm "go" trong Hiragana được viết là "ご".', 5),
    (26, 3, N'Âm đọc đúng của chữ Hiragana "が" là gì?', N'MCQ', N'Chữ Hiragana "が" được đọc là "ga".', 6),
    (27, 3, N'Âm đọc đúng của chữ Hiragana "ぎ" là gì?', N'MCQ', N'Chữ Hiragana "ぎ" được đọc là "gi".', 7),
    (28, 3, N'Âm đọc đúng của chữ Hiragana "ぐ" là gì?', N'MCQ', N'Chữ Hiragana "ぐ" được đọc là "gu".', 8),
    (29, 3, N'Âm đọc đúng của chữ Hiragana "げ" là gì?', N'MCQ', N'Chữ Hiragana "げ" được đọc là "ge".', 9),
    (30, 3, N'Âm đọc đúng của chữ Hiragana "ご" là gì?', N'MCQ', N'Chữ Hiragana "ご" được đọc là "go".', 10),
    (31, 4, N'Chọn chữ Hiragana đúng với âm "sa".', N'MCQ', N'Âm "sa" trong Hiragana được viết là "さ".', 1),
    (32, 4, N'Chọn chữ Hiragana đúng với âm "shi".', N'MCQ', N'Âm "shi" trong Hiragana được viết là "し".', 2),
    (33, 4, N'Chọn chữ Hiragana đúng với âm "su".', N'MCQ', N'Âm "su" trong Hiragana được viết là "す".', 3),
    (34, 4, N'Chọn chữ Hiragana đúng với âm "se".', N'MCQ', N'Âm "se" trong Hiragana được viết là "せ".', 4),
    (35, 4, N'Chọn chữ Hiragana đúng với âm "so".', N'MCQ', N'Âm "so" trong Hiragana được viết là "そ".', 5),
    (36, 4, N'Âm đọc đúng của chữ Hiragana "さ" là gì?', N'MCQ', N'Chữ Hiragana "さ" được đọc là "sa".', 6),
    (37, 4, N'Âm đọc đúng của chữ Hiragana "し" là gì?', N'MCQ', N'Chữ Hiragana "し" được đọc là "shi".', 7),
    (38, 4, N'Âm đọc đúng của chữ Hiragana "す" là gì?', N'MCQ', N'Chữ Hiragana "す" được đọc là "su".', 8),
    (39, 4, N'Âm đọc đúng của chữ Hiragana "せ" là gì?', N'MCQ', N'Chữ Hiragana "せ" được đọc là "se".', 9),
    (40, 4, N'Âm đọc đúng của chữ Hiragana "そ" là gì?', N'MCQ', N'Chữ Hiragana "そ" được đọc là "so".', 10),
    (41, 5, N'Chọn chữ Hiragana đúng với âm "za".', N'MCQ', N'Âm "za" trong Hiragana được viết là "ざ".', 1),
    (42, 5, N'Chọn chữ Hiragana đúng với âm "ji".', N'MCQ', N'Âm "ji" trong Hiragana được viết là "じ".', 2),
    (43, 5, N'Chọn chữ Hiragana đúng với âm "zu".', N'MCQ', N'Âm "zu" trong Hiragana được viết là "ず".', 3),
    (44, 5, N'Chọn chữ Hiragana đúng với âm "ze".', N'MCQ', N'Âm "ze" trong Hiragana được viết là "ぜ".', 4),
    (45, 5, N'Chọn chữ Hiragana đúng với âm "zo".', N'MCQ', N'Âm "zo" trong Hiragana được viết là "ぞ".', 5),
    (46, 5, N'Âm đọc đúng của chữ Hiragana "ざ" là gì?', N'MCQ', N'Chữ Hiragana "ざ" được đọc là "za".', 6),
    (47, 5, N'Âm đọc đúng của chữ Hiragana "じ" là gì?', N'MCQ', N'Chữ Hiragana "じ" được đọc là "ji".', 7),
    (48, 5, N'Âm đọc đúng của chữ Hiragana "ず" là gì?', N'MCQ', N'Chữ Hiragana "ず" được đọc là "zu".', 8),
    (49, 5, N'Âm đọc đúng của chữ Hiragana "ぜ" là gì?', N'MCQ', N'Chữ Hiragana "ぜ" được đọc là "ze".', 9),
    (50, 5, N'Âm đọc đúng của chữ Hiragana "ぞ" là gì?', N'MCQ', N'Chữ Hiragana "ぞ" được đọc là "zo".', 10),
    (51, 6, N'Chọn chữ Hiragana đúng với âm "ta".', N'MCQ', N'Âm "ta" trong Hiragana được viết là "た".', 1),
    (52, 6, N'Chọn chữ Hiragana đúng với âm "chi".', N'MCQ', N'Âm "chi" trong Hiragana được viết là "ち".', 2),
    (53, 6, N'Chọn chữ Hiragana đúng với âm "tsu".', N'MCQ', N'Âm "tsu" trong Hiragana được viết là "つ".', 3),
    (54, 6, N'Chọn chữ Hiragana đúng với âm "te".', N'MCQ', N'Âm "te" trong Hiragana được viết là "て".', 4),
    (55, 6, N'Chọn chữ Hiragana đúng với âm "to".', N'MCQ', N'Âm "to" trong Hiragana được viết là "と".', 5),
    (56, 6, N'Âm đọc đúng của chữ Hiragana "た" là gì?', N'MCQ', N'Chữ Hiragana "た" được đọc là "ta".', 6),
    (57, 6, N'Âm đọc đúng của chữ Hiragana "ち" là gì?', N'MCQ', N'Chữ Hiragana "ち" được đọc là "chi".', 7),
    (58, 6, N'Âm đọc đúng của chữ Hiragana "つ" là gì?', N'MCQ', N'Chữ Hiragana "つ" được đọc là "tsu".', 8),
    (59, 6, N'Âm đọc đúng của chữ Hiragana "て" là gì?', N'MCQ', N'Chữ Hiragana "て" được đọc là "te".', 9),
    (60, 6, N'Âm đọc đúng của chữ Hiragana "と" là gì?', N'MCQ', N'Chữ Hiragana "と" được đọc là "to".', 10),
    (61, 7, N'Chọn chữ Hiragana đúng với âm "da".', N'MCQ', N'Âm "da" trong Hiragana được viết là "だ".', 1),
    (62, 7, N'Chọn chữ Hiragana đúng với âm "ji".', N'MCQ', N'Âm "ji" trong Hiragana được viết là "ぢ".', 2),
    (63, 7, N'Chọn chữ Hiragana đúng với âm "zu".', N'MCQ', N'Âm "zu" trong Hiragana được viết là "づ".', 3),
    (64, 7, N'Chọn chữ Hiragana đúng với âm "de".', N'MCQ', N'Âm "de" trong Hiragana được viết là "で".', 4),
    (65, 7, N'Chọn chữ Hiragana đúng với âm "do".', N'MCQ', N'Âm "do" trong Hiragana được viết là "ど".', 5),
    (66, 7, N'Âm đọc đúng của chữ Hiragana "だ" là gì?', N'MCQ', N'Chữ Hiragana "だ" được đọc là "da".', 6),
    (67, 7, N'Âm đọc đúng của chữ Hiragana "ぢ" là gì?', N'MCQ', N'Chữ Hiragana "ぢ" được đọc là "ji".', 7),
    (68, 7, N'Âm đọc đúng của chữ Hiragana "づ" là gì?', N'MCQ', N'Chữ Hiragana "づ" được đọc là "zu".', 8),
    (69, 7, N'Âm đọc đúng của chữ Hiragana "で" là gì?', N'MCQ', N'Chữ Hiragana "で" được đọc là "de".', 9),
    (70, 7, N'Âm đọc đúng của chữ Hiragana "ど" là gì?', N'MCQ', N'Chữ Hiragana "ど" được đọc là "do".', 10),
    (71, 8, N'Chọn chữ Hiragana đúng với âm "na".', N'MCQ', N'Âm "na" trong Hiragana được viết là "な".', 1),
    (72, 8, N'Chọn chữ Hiragana đúng với âm "ni".', N'MCQ', N'Âm "ni" trong Hiragana được viết là "に".', 2),
    (73, 8, N'Chọn chữ Hiragana đúng với âm "nu".', N'MCQ', N'Âm "nu" trong Hiragana được viết là "ぬ".', 3),
    (74, 8, N'Chọn chữ Hiragana đúng với âm "ne".', N'MCQ', N'Âm "ne" trong Hiragana được viết là "ね".', 4),
    (75, 8, N'Chọn chữ Hiragana đúng với âm "no".', N'MCQ', N'Âm "no" trong Hiragana được viết là "の".', 5),
    (76, 8, N'Âm đọc đúng của chữ Hiragana "な" là gì?', N'MCQ', N'Chữ Hiragana "な" được đọc là "na".', 6),
    (77, 8, N'Âm đọc đúng của chữ Hiragana "に" là gì?', N'MCQ', N'Chữ Hiragana "に" được đọc là "ni".', 7),
    (78, 8, N'Âm đọc đúng của chữ Hiragana "ぬ" là gì?', N'MCQ', N'Chữ Hiragana "ぬ" được đọc là "nu".', 8),
    (79, 8, N'Âm đọc đúng của chữ Hiragana "ね" là gì?', N'MCQ', N'Chữ Hiragana "ね" được đọc là "ne".', 9),
    (80, 8, N'Âm đọc đúng của chữ Hiragana "の" là gì?', N'MCQ', N'Chữ Hiragana "の" được đọc là "no".', 10),
    (81, 9, N'Chọn chữ Hiragana đúng với âm "ha".', N'MCQ', N'Âm "ha" trong Hiragana được viết là "は".', 1),
    (82, 9, N'Chọn chữ Hiragana đúng với âm "hi".', N'MCQ', N'Âm "hi" trong Hiragana được viết là "ひ".', 2),
    (83, 9, N'Chọn chữ Hiragana đúng với âm "fu".', N'MCQ', N'Âm "fu" trong Hiragana được viết là "ふ".', 3),
    (84, 9, N'Chọn chữ Hiragana đúng với âm "he".', N'MCQ', N'Âm "he" trong Hiragana được viết là "へ".', 4),
    (85, 9, N'Chọn chữ Hiragana đúng với âm "ho".', N'MCQ', N'Âm "ho" trong Hiragana được viết là "ほ".', 5),
    (86, 9, N'Âm đọc đúng của chữ Hiragana "は" là gì?', N'MCQ', N'Chữ Hiragana "は" được đọc là "ha".', 6),
    (87, 9, N'Âm đọc đúng của chữ Hiragana "ひ" là gì?', N'MCQ', N'Chữ Hiragana "ひ" được đọc là "hi".', 7),
    (88, 9, N'Âm đọc đúng của chữ Hiragana "ふ" là gì?', N'MCQ', N'Chữ Hiragana "ふ" được đọc là "fu".', 8),
    (89, 9, N'Âm đọc đúng của chữ Hiragana "へ" là gì?', N'MCQ', N'Chữ Hiragana "へ" được đọc là "he".', 9),
    (90, 9, N'Âm đọc đúng của chữ Hiragana "ほ" là gì?', N'MCQ', N'Chữ Hiragana "ほ" được đọc là "ho".', 10),
    (91, 10, N'Chọn chữ Hiragana đúng với âm "ba".', N'MCQ', N'Âm "ba" trong Hiragana được viết là "ば".', 1),
    (92, 10, N'Chọn chữ Hiragana đúng với âm "bi".', N'MCQ', N'Âm "bi" trong Hiragana được viết là "び".', 2),
    (93, 10, N'Chọn chữ Hiragana đúng với âm "bu".', N'MCQ', N'Âm "bu" trong Hiragana được viết là "ぶ".', 3),
    (94, 10, N'Chọn chữ Hiragana đúng với âm "be".', N'MCQ', N'Âm "be" trong Hiragana được viết là "べ".', 4),
    (95, 10, N'Chọn chữ Hiragana đúng với âm "bo".', N'MCQ', N'Âm "bo" trong Hiragana được viết là "ぼ".', 5),
    (96, 10, N'Âm đọc đúng của chữ Hiragana "ば" là gì?', N'MCQ', N'Chữ Hiragana "ば" được đọc là "ba".', 6),
    (97, 10, N'Âm đọc đúng của chữ Hiragana "び" là gì?', N'MCQ', N'Chữ Hiragana "び" được đọc là "bi".', 7),
    (98, 10, N'Âm đọc đúng của chữ Hiragana "ぶ" là gì?', N'MCQ', N'Chữ Hiragana "ぶ" được đọc là "bu".', 8),
    (99, 10, N'Âm đọc đúng của chữ Hiragana "べ" là gì?', N'MCQ', N'Chữ Hiragana "べ" được đọc là "be".', 9),
    (100, 10, N'Âm đọc đúng của chữ Hiragana "ぼ" là gì?', N'MCQ', N'Chữ Hiragana "ぼ" được đọc là "bo".', 10),
    (101, 11, N'Chọn chữ Hiragana đúng với âm "pa".', N'MCQ', N'Âm "pa" trong Hiragana được viết là "ぱ".', 1),
    (102, 11, N'Chọn chữ Hiragana đúng với âm "pi".', N'MCQ', N'Âm "pi" trong Hiragana được viết là "ぴ".', 2),
    (103, 11, N'Chọn chữ Hiragana đúng với âm "pu".', N'MCQ', N'Âm "pu" trong Hiragana được viết là "ぷ".', 3),
    (104, 11, N'Chọn chữ Hiragana đúng với âm "pe".', N'MCQ', N'Âm "pe" trong Hiragana được viết là "ぺ".', 4),
    (105, 11, N'Chọn chữ Hiragana đúng với âm "po".', N'MCQ', N'Âm "po" trong Hiragana được viết là "ぽ".', 5),
    (106, 11, N'Âm đọc đúng của chữ Hiragana "ぱ" là gì?', N'MCQ', N'Chữ Hiragana "ぱ" được đọc là "pa".', 6),
    (107, 11, N'Âm đọc đúng của chữ Hiragana "ぴ" là gì?', N'MCQ', N'Chữ Hiragana "ぴ" được đọc là "pi".', 7),
    (108, 11, N'Âm đọc đúng của chữ Hiragana "ぷ" là gì?', N'MCQ', N'Chữ Hiragana "ぷ" được đọc là "pu".', 8),
    (109, 11, N'Âm đọc đúng của chữ Hiragana "ぺ" là gì?', N'MCQ', N'Chữ Hiragana "ぺ" được đọc là "pe".', 9),
    (110, 11, N'Âm đọc đúng của chữ Hiragana "ぽ" là gì?', N'MCQ', N'Chữ Hiragana "ぽ" được đọc là "po".', 10),
    (111, 12, N'Chọn chữ Hiragana đúng với âm "ma".', N'MCQ', N'Âm "ma" trong Hiragana được viết là "ま".', 1),
    (112, 12, N'Chọn chữ Hiragana đúng với âm "mi".', N'MCQ', N'Âm "mi" trong Hiragana được viết là "み".', 2),
    (113, 12, N'Chọn chữ Hiragana đúng với âm "mu".', N'MCQ', N'Âm "mu" trong Hiragana được viết là "む".', 3),
    (114, 12, N'Chọn chữ Hiragana đúng với âm "me".', N'MCQ', N'Âm "me" trong Hiragana được viết là "め".', 4),
    (115, 12, N'Chọn chữ Hiragana đúng với âm "mo".', N'MCQ', N'Âm "mo" trong Hiragana được viết là "も".', 5),
    (116, 12, N'Âm đọc đúng của chữ Hiragana "ま" là gì?', N'MCQ', N'Chữ Hiragana "ま" được đọc là "ma".', 6),
    (117, 12, N'Âm đọc đúng của chữ Hiragana "み" là gì?', N'MCQ', N'Chữ Hiragana "み" được đọc là "mi".', 7),
    (118, 12, N'Âm đọc đúng của chữ Hiragana "む" là gì?', N'MCQ', N'Chữ Hiragana "む" được đọc là "mu".', 8),
    (119, 12, N'Âm đọc đúng của chữ Hiragana "め" là gì?', N'MCQ', N'Chữ Hiragana "め" được đọc là "me".', 9),
    (120, 12, N'Âm đọc đúng của chữ Hiragana "も" là gì?', N'MCQ', N'Chữ Hiragana "も" được đọc là "mo".', 10),
    (121, 13, N'Chọn chữ Hiragana đúng với âm "ya".', N'MCQ', N'Âm "ya" trong Hiragana được viết là "や".', 1),
    (122, 13, N'Chọn chữ Hiragana đúng với âm "yu".', N'MCQ', N'Âm "yu" trong Hiragana được viết là "ゆ".', 2),
    (123, 13, N'Chọn chữ Hiragana đúng với âm "yo".', N'MCQ', N'Âm "yo" trong Hiragana được viết là "よ".', 3),
    (124, 13, N'Âm đọc đúng của chữ Hiragana "や" là gì?', N'MCQ', N'Chữ Hiragana "や" được đọc là "ya".', 4),
    (125, 13, N'Âm đọc đúng của chữ Hiragana "ゆ" là gì?', N'MCQ', N'Chữ Hiragana "ゆ" được đọc là "yu".', 5),
    (126, 13, N'Âm đọc đúng của chữ Hiragana "よ" là gì?', N'MCQ', N'Chữ Hiragana "よ" được đọc là "yo".', 6),
    (127, 13, N'Chữ nào trong hàng ya của Hiragana đọc là "yo"?', N'MCQ', N'Ôn tập hàng ya trong Hiragana.', 7),
    (128, 13, N'Chữ nào trong hàng ya của Hiragana đọc là "yu"?', N'MCQ', N'Ôn tập hàng ya trong Hiragana.', 8),
    (129, 13, N'Âm đọc của chữ や là gì?', N'MCQ', N'Ôn tập hàng ya trong Hiragana.', 9),
    (130, 13, N'Âm đọc của chữ よ là gì?', N'MCQ', N'Ôn tập hàng ya trong Hiragana.', 10),
    (131, 14, N'Chọn chữ Hiragana đúng với âm "ra".', N'MCQ', N'Âm "ra" trong Hiragana được viết là "ら".', 1),
    (132, 14, N'Chọn chữ Hiragana đúng với âm "ri".', N'MCQ', N'Âm "ri" trong Hiragana được viết là "り".', 2),
    (133, 14, N'Chọn chữ Hiragana đúng với âm "ru".', N'MCQ', N'Âm "ru" trong Hiragana được viết là "る".', 3),
    (134, 14, N'Chọn chữ Hiragana đúng với âm "re".', N'MCQ', N'Âm "re" trong Hiragana được viết là "れ".', 4),
    (135, 14, N'Chọn chữ Hiragana đúng với âm "ro".', N'MCQ', N'Âm "ro" trong Hiragana được viết là "ろ".', 5),
    (136, 14, N'Âm đọc đúng của chữ Hiragana "ら" là gì?', N'MCQ', N'Chữ Hiragana "ら" được đọc là "ra".', 6),
    (137, 14, N'Âm đọc đúng của chữ Hiragana "り" là gì?', N'MCQ', N'Chữ Hiragana "り" được đọc là "ri".', 7),
    (138, 14, N'Âm đọc đúng của chữ Hiragana "る" là gì?', N'MCQ', N'Chữ Hiragana "る" được đọc là "ru".', 8),
    (139, 14, N'Âm đọc đúng của chữ Hiragana "れ" là gì?', N'MCQ', N'Chữ Hiragana "れ" được đọc là "re".', 9),
    (140, 14, N'Âm đọc đúng của chữ Hiragana "ろ" là gì?', N'MCQ', N'Chữ Hiragana "ろ" được đọc là "ro".', 10),
    (141, 15, N'Chọn chữ Hiragana đúng với âm "wa".', N'MCQ', N'Âm "wa" trong Hiragana được viết là "わ".', 1),
    (142, 15, N'Chọn chữ Hiragana đúng với âm "wo".', N'MCQ', N'Âm "wo" trong Hiragana được viết là "を".', 2),
    (143, 15, N'Chọn chữ Hiragana đúng với âm "n".', N'MCQ', N'Âm "n" trong Hiragana được viết là "ん".', 3),
    (144, 15, N'Âm đọc đúng của chữ Hiragana "わ" là gì?', N'MCQ', N'Chữ Hiragana "わ" được đọc là "wa".', 4),
    (145, 15, N'Âm đọc đúng của chữ Hiragana "を" là gì?', N'MCQ', N'Chữ Hiragana "を" được đọc là "wo".', 5),
    (146, 15, N'Âm đọc đúng của chữ Hiragana "ん" là gì?', N'MCQ', N'Chữ Hiragana "ん" được đọc là "n".', 6),
    (147, 15, N'Chữ nào trong hàng wa của Hiragana đọc là "wa"?', N'MCQ', N'Ôn tập hàng wa trong Hiragana.', 7),
    (148, 15, N'Chữ nào trong hàng wa của Hiragana đọc là "n"?', N'MCQ', N'Ôn tập hàng wa trong Hiragana.', 8),
    (149, 15, N'Âm đọc của chữ を là gì?', N'MCQ', N'Ôn tập hàng wa trong Hiragana.', 9),
    (150, 15, N'Âm đọc của chữ ん là gì?', N'MCQ', N'Ôn tập hàng wa trong Hiragana.', 10),
    (151, 16, N'Chọn chữ Katakana đúng với âm "a".', N'MCQ', N'Âm "a" trong Katakana được viết là "ア".', 1),
    (152, 16, N'Chọn chữ Katakana đúng với âm "i".', N'MCQ', N'Âm "i" trong Katakana được viết là "イ".', 2),
    (153, 16, N'Chọn chữ Katakana đúng với âm "u".', N'MCQ', N'Âm "u" trong Katakana được viết là "ウ".', 3),
    (154, 16, N'Chọn chữ Katakana đúng với âm "e".', N'MCQ', N'Âm "e" trong Katakana được viết là "エ".', 4),
    (155, 16, N'Chọn chữ Katakana đúng với âm "o".', N'MCQ', N'Âm "o" trong Katakana được viết là "オ".', 5),
    (156, 16, N'Âm đọc đúng của chữ Katakana "ア" là gì?', N'MCQ', N'Chữ Katakana "ア" được đọc là "a".', 6),
    (157, 16, N'Âm đọc đúng của chữ Katakana "イ" là gì?', N'MCQ', N'Chữ Katakana "イ" được đọc là "i".', 7),
    (158, 16, N'Âm đọc đúng của chữ Katakana "ウ" là gì?', N'MCQ', N'Chữ Katakana "ウ" được đọc là "u".', 8),
    (159, 16, N'Âm đọc đúng của chữ Katakana "エ" là gì?', N'MCQ', N'Chữ Katakana "エ" được đọc là "e".', 9),
    (160, 16, N'Âm đọc đúng của chữ Katakana "オ" là gì?', N'MCQ', N'Chữ Katakana "オ" được đọc là "o".', 10),
    (161, 17, N'Chọn chữ Katakana đúng với âm "ka".', N'MCQ', N'Âm "ka" trong Katakana được viết là "カ".', 1),
    (162, 17, N'Chọn chữ Katakana đúng với âm "ki".', N'MCQ', N'Âm "ki" trong Katakana được viết là "キ".', 2),
    (163, 17, N'Chọn chữ Katakana đúng với âm "ku".', N'MCQ', N'Âm "ku" trong Katakana được viết là "ク".', 3),
    (164, 17, N'Chọn chữ Katakana đúng với âm "ke".', N'MCQ', N'Âm "ke" trong Katakana được viết là "ケ".', 4),
    (165, 17, N'Chọn chữ Katakana đúng với âm "ko".', N'MCQ', N'Âm "ko" trong Katakana được viết là "コ".', 5),
    (166, 17, N'Âm đọc đúng của chữ Katakana "カ" là gì?', N'MCQ', N'Chữ Katakana "カ" được đọc là "ka".', 6),
    (167, 17, N'Âm đọc đúng của chữ Katakana "キ" là gì?', N'MCQ', N'Chữ Katakana "キ" được đọc là "ki".', 7),
    (168, 17, N'Âm đọc đúng của chữ Katakana "ク" là gì?', N'MCQ', N'Chữ Katakana "ク" được đọc là "ku".', 8),
    (169, 17, N'Âm đọc đúng của chữ Katakana "ケ" là gì?', N'MCQ', N'Chữ Katakana "ケ" được đọc là "ke".', 9),
    (170, 17, N'Âm đọc đúng của chữ Katakana "コ" là gì?', N'MCQ', N'Chữ Katakana "コ" được đọc là "ko".', 10),
    (171, 18, N'Chọn chữ Katakana đúng với âm "ga".', N'MCQ', N'Âm "ga" trong Katakana được viết là "ガ".', 1),
    (172, 18, N'Chọn chữ Katakana đúng với âm "gi".', N'MCQ', N'Âm "gi" trong Katakana được viết là "ギ".', 2),
    (173, 18, N'Chọn chữ Katakana đúng với âm "gu".', N'MCQ', N'Âm "gu" trong Katakana được viết là "グ".', 3),
    (174, 18, N'Chọn chữ Katakana đúng với âm "ge".', N'MCQ', N'Âm "ge" trong Katakana được viết là "ゲ".', 4),
    (175, 18, N'Chọn chữ Katakana đúng với âm "go".', N'MCQ', N'Âm "go" trong Katakana được viết là "ゴ".', 5),
    (176, 18, N'Âm đọc đúng của chữ Katakana "ガ" là gì?', N'MCQ', N'Chữ Katakana "ガ" được đọc là "ga".', 6),
    (177, 18, N'Âm đọc đúng của chữ Katakana "ギ" là gì?', N'MCQ', N'Chữ Katakana "ギ" được đọc là "gi".', 7),
    (178, 18, N'Âm đọc đúng của chữ Katakana "グ" là gì?', N'MCQ', N'Chữ Katakana "グ" được đọc là "gu".', 8),
    (179, 18, N'Âm đọc đúng của chữ Katakana "ゲ" là gì?', N'MCQ', N'Chữ Katakana "ゲ" được đọc là "ge".', 9),
    (180, 18, N'Âm đọc đúng của chữ Katakana "ゴ" là gì?', N'MCQ', N'Chữ Katakana "ゴ" được đọc là "go".', 10),
    (181, 19, N'Chọn chữ Katakana đúng với âm "sa".', N'MCQ', N'Âm "sa" trong Katakana được viết là "サ".', 1),
    (182, 19, N'Chọn chữ Katakana đúng với âm "shi".', N'MCQ', N'Âm "shi" trong Katakana được viết là "シ".', 2),
    (183, 19, N'Chọn chữ Katakana đúng với âm "su".', N'MCQ', N'Âm "su" trong Katakana được viết là "ス".', 3),
    (184, 19, N'Chọn chữ Katakana đúng với âm "se".', N'MCQ', N'Âm "se" trong Katakana được viết là "セ".', 4),
    (185, 19, N'Chọn chữ Katakana đúng với âm "so".', N'MCQ', N'Âm "so" trong Katakana được viết là "ソ".', 5),
    (186, 19, N'Âm đọc đúng của chữ Katakana "サ" là gì?', N'MCQ', N'Chữ Katakana "サ" được đọc là "sa".', 6),
    (187, 19, N'Âm đọc đúng của chữ Katakana "シ" là gì?', N'MCQ', N'Chữ Katakana "シ" được đọc là "shi".', 7),
    (188, 19, N'Âm đọc đúng của chữ Katakana "ス" là gì?', N'MCQ', N'Chữ Katakana "ス" được đọc là "su".', 8),
    (189, 19, N'Âm đọc đúng của chữ Katakana "セ" là gì?', N'MCQ', N'Chữ Katakana "セ" được đọc là "se".', 9),
    (190, 19, N'Âm đọc đúng của chữ Katakana "ソ" là gì?', N'MCQ', N'Chữ Katakana "ソ" được đọc là "so".', 10),
    (191, 20, N'Chọn chữ Katakana đúng với âm "za".', N'MCQ', N'Âm "za" trong Katakana được viết là "ザ".', 1),
    (192, 20, N'Chọn chữ Katakana đúng với âm "ji".', N'MCQ', N'Âm "ji" trong Katakana được viết là "ジ".', 2),
    (193, 20, N'Chọn chữ Katakana đúng với âm "zu".', N'MCQ', N'Âm "zu" trong Katakana được viết là "ズ".', 3),
    (194, 20, N'Chọn chữ Katakana đúng với âm "ze".', N'MCQ', N'Âm "ze" trong Katakana được viết là "ゼ".', 4),
    (195, 20, N'Chọn chữ Katakana đúng với âm "zo".', N'MCQ', N'Âm "zo" trong Katakana được viết là "ゾ".', 5),
    (196, 20, N'Âm đọc đúng của chữ Katakana "ザ" là gì?', N'MCQ', N'Chữ Katakana "ザ" được đọc là "za".', 6),
    (197, 20, N'Âm đọc đúng của chữ Katakana "ジ" là gì?', N'MCQ', N'Chữ Katakana "ジ" được đọc là "ji".', 7),
    (198, 20, N'Âm đọc đúng của chữ Katakana "ズ" là gì?', N'MCQ', N'Chữ Katakana "ズ" được đọc là "zu".', 8),
    (199, 20, N'Âm đọc đúng của chữ Katakana "ゼ" là gì?', N'MCQ', N'Chữ Katakana "ゼ" được đọc là "ze".', 9),
    (200, 20, N'Âm đọc đúng của chữ Katakana "ゾ" là gì?', N'MCQ', N'Chữ Katakana "ゾ" được đọc là "zo".', 10);

    INSERT INTO dbo.DemoJLPT_Questions (QuestionId, LessonId, QuestionText, QuestionType, Explanation, SortOrder)
    VALUES
    (201, 21, N'Chọn chữ Katakana đúng với âm "ta".', N'MCQ', N'Âm "ta" trong Katakana được viết là "タ".', 1),
    (202, 21, N'Chọn chữ Katakana đúng với âm "chi".', N'MCQ', N'Âm "chi" trong Katakana được viết là "チ".', 2),
    (203, 21, N'Chọn chữ Katakana đúng với âm "tsu".', N'MCQ', N'Âm "tsu" trong Katakana được viết là "ツ".', 3),
    (204, 21, N'Chọn chữ Katakana đúng với âm "te".', N'MCQ', N'Âm "te" trong Katakana được viết là "テ".', 4),
    (205, 21, N'Chọn chữ Katakana đúng với âm "to".', N'MCQ', N'Âm "to" trong Katakana được viết là "ト".', 5),
    (206, 21, N'Âm đọc đúng của chữ Katakana "タ" là gì?', N'MCQ', N'Chữ Katakana "タ" được đọc là "ta".', 6),
    (207, 21, N'Âm đọc đúng của chữ Katakana "チ" là gì?', N'MCQ', N'Chữ Katakana "チ" được đọc là "chi".', 7),
    (208, 21, N'Âm đọc đúng của chữ Katakana "ツ" là gì?', N'MCQ', N'Chữ Katakana "ツ" được đọc là "tsu".', 8),
    (209, 21, N'Âm đọc đúng của chữ Katakana "テ" là gì?', N'MCQ', N'Chữ Katakana "テ" được đọc là "te".', 9),
    (210, 21, N'Âm đọc đúng của chữ Katakana "ト" là gì?', N'MCQ', N'Chữ Katakana "ト" được đọc là "to".', 10),
    (211, 22, N'Chọn chữ Katakana đúng với âm "da".', N'MCQ', N'Âm "da" trong Katakana được viết là "ダ".', 1),
    (212, 22, N'Chọn chữ Katakana đúng với âm "ji".', N'MCQ', N'Âm "ji" trong Katakana được viết là "ヂ".', 2),
    (213, 22, N'Chọn chữ Katakana đúng với âm "zu".', N'MCQ', N'Âm "zu" trong Katakana được viết là "ヅ".', 3),
    (214, 22, N'Chọn chữ Katakana đúng với âm "de".', N'MCQ', N'Âm "de" trong Katakana được viết là "デ".', 4),
    (215, 22, N'Chọn chữ Katakana đúng với âm "do".', N'MCQ', N'Âm "do" trong Katakana được viết là "ド".', 5),
    (216, 22, N'Âm đọc đúng của chữ Katakana "ダ" là gì?', N'MCQ', N'Chữ Katakana "ダ" được đọc là "da".', 6),
    (217, 22, N'Âm đọc đúng của chữ Katakana "ヂ" là gì?', N'MCQ', N'Chữ Katakana "ヂ" được đọc là "ji".', 7),
    (218, 22, N'Âm đọc đúng của chữ Katakana "ヅ" là gì?', N'MCQ', N'Chữ Katakana "ヅ" được đọc là "zu".', 8),
    (219, 22, N'Âm đọc đúng của chữ Katakana "デ" là gì?', N'MCQ', N'Chữ Katakana "デ" được đọc là "de".', 9),
    (220, 22, N'Âm đọc đúng của chữ Katakana "ド" là gì?', N'MCQ', N'Chữ Katakana "ド" được đọc là "do".', 10),
    (221, 23, N'Chọn chữ Katakana đúng với âm "na".', N'MCQ', N'Âm "na" trong Katakana được viết là "ナ".', 1),
    (222, 23, N'Chọn chữ Katakana đúng với âm "ni".', N'MCQ', N'Âm "ni" trong Katakana được viết là "ニ".', 2),
    (223, 23, N'Chọn chữ Katakana đúng với âm "nu".', N'MCQ', N'Âm "nu" trong Katakana được viết là "ヌ".', 3),
    (224, 23, N'Chọn chữ Katakana đúng với âm "ne".', N'MCQ', N'Âm "ne" trong Katakana được viết là "ネ".', 4),
    (225, 23, N'Chọn chữ Katakana đúng với âm "no".', N'MCQ', N'Âm "no" trong Katakana được viết là "ノ".', 5),
    (226, 23, N'Âm đọc đúng của chữ Katakana "ナ" là gì?', N'MCQ', N'Chữ Katakana "ナ" được đọc là "na".', 6),
    (227, 23, N'Âm đọc đúng của chữ Katakana "ニ" là gì?', N'MCQ', N'Chữ Katakana "ニ" được đọc là "ni".', 7),
    (228, 23, N'Âm đọc đúng của chữ Katakana "ヌ" là gì?', N'MCQ', N'Chữ Katakana "ヌ" được đọc là "nu".', 8),
    (229, 23, N'Âm đọc đúng của chữ Katakana "ネ" là gì?', N'MCQ', N'Chữ Katakana "ネ" được đọc là "ne".', 9),
    (230, 23, N'Âm đọc đúng của chữ Katakana "ノ" là gì?', N'MCQ', N'Chữ Katakana "ノ" được đọc là "no".', 10),
    (231, 24, N'Chọn chữ Katakana đúng với âm "ha".', N'MCQ', N'Âm "ha" trong Katakana được viết là "ハ".', 1),
    (232, 24, N'Chọn chữ Katakana đúng với âm "hi".', N'MCQ', N'Âm "hi" trong Katakana được viết là "ヒ".', 2),
    (233, 24, N'Chọn chữ Katakana đúng với âm "fu".', N'MCQ', N'Âm "fu" trong Katakana được viết là "フ".', 3),
    (234, 24, N'Chọn chữ Katakana đúng với âm "he".', N'MCQ', N'Âm "he" trong Katakana được viết là "ヘ".', 4),
    (235, 24, N'Chọn chữ Katakana đúng với âm "ho".', N'MCQ', N'Âm "ho" trong Katakana được viết là "ホ".', 5),
    (236, 24, N'Âm đọc đúng của chữ Katakana "ハ" là gì?', N'MCQ', N'Chữ Katakana "ハ" được đọc là "ha".', 6),
    (237, 24, N'Âm đọc đúng của chữ Katakana "ヒ" là gì?', N'MCQ', N'Chữ Katakana "ヒ" được đọc là "hi".', 7),
    (238, 24, N'Âm đọc đúng của chữ Katakana "フ" là gì?', N'MCQ', N'Chữ Katakana "フ" được đọc là "fu".', 8),
    (239, 24, N'Âm đọc đúng của chữ Katakana "ヘ" là gì?', N'MCQ', N'Chữ Katakana "ヘ" được đọc là "he".', 9),
    (240, 24, N'Âm đọc đúng của chữ Katakana "ホ" là gì?', N'MCQ', N'Chữ Katakana "ホ" được đọc là "ho".', 10),
    (241, 25, N'Chọn chữ Katakana đúng với âm "ba".', N'MCQ', N'Âm "ba" trong Katakana được viết là "バ".', 1),
    (242, 25, N'Chọn chữ Katakana đúng với âm "bi".', N'MCQ', N'Âm "bi" trong Katakana được viết là "ビ".', 2),
    (243, 25, N'Chọn chữ Katakana đúng với âm "bu".', N'MCQ', N'Âm "bu" trong Katakana được viết là "ブ".', 3),
    (244, 25, N'Chọn chữ Katakana đúng với âm "be".', N'MCQ', N'Âm "be" trong Katakana được viết là "ベ".', 4),
    (245, 25, N'Chọn chữ Katakana đúng với âm "bo".', N'MCQ', N'Âm "bo" trong Katakana được viết là "ボ".', 5),
    (246, 25, N'Âm đọc đúng của chữ Katakana "バ" là gì?', N'MCQ', N'Chữ Katakana "バ" được đọc là "ba".', 6),
    (247, 25, N'Âm đọc đúng của chữ Katakana "ビ" là gì?', N'MCQ', N'Chữ Katakana "ビ" được đọc là "bi".', 7),
    (248, 25, N'Âm đọc đúng của chữ Katakana "ブ" là gì?', N'MCQ', N'Chữ Katakana "ブ" được đọc là "bu".', 8),
    (249, 25, N'Âm đọc đúng của chữ Katakana "ベ" là gì?', N'MCQ', N'Chữ Katakana "ベ" được đọc là "be".', 9),
    (250, 25, N'Âm đọc đúng của chữ Katakana "ボ" là gì?', N'MCQ', N'Chữ Katakana "ボ" được đọc là "bo".', 10),
    (251, 26, N'Chọn chữ Katakana đúng với âm "pa".', N'MCQ', N'Âm "pa" trong Katakana được viết là "パ".', 1),
    (252, 26, N'Chọn chữ Katakana đúng với âm "pi".', N'MCQ', N'Âm "pi" trong Katakana được viết là "ピ".', 2),
    (253, 26, N'Chọn chữ Katakana đúng với âm "pu".', N'MCQ', N'Âm "pu" trong Katakana được viết là "プ".', 3),
    (254, 26, N'Chọn chữ Katakana đúng với âm "pe".', N'MCQ', N'Âm "pe" trong Katakana được viết là "ペ".', 4),
    (255, 26, N'Chọn chữ Katakana đúng với âm "po".', N'MCQ', N'Âm "po" trong Katakana được viết là "ポ".', 5),
    (256, 26, N'Âm đọc đúng của chữ Katakana "パ" là gì?', N'MCQ', N'Chữ Katakana "パ" được đọc là "pa".', 6),
    (257, 26, N'Âm đọc đúng của chữ Katakana "ピ" là gì?', N'MCQ', N'Chữ Katakana "ピ" được đọc là "pi".', 7),
    (258, 26, N'Âm đọc đúng của chữ Katakana "プ" là gì?', N'MCQ', N'Chữ Katakana "プ" được đọc là "pu".', 8),
    (259, 26, N'Âm đọc đúng của chữ Katakana "ペ" là gì?', N'MCQ', N'Chữ Katakana "ペ" được đọc là "pe".', 9),
    (260, 26, N'Âm đọc đúng của chữ Katakana "ポ" là gì?', N'MCQ', N'Chữ Katakana "ポ" được đọc là "po".', 10),
    (261, 27, N'Chọn chữ Katakana đúng với âm "ma".', N'MCQ', N'Âm "ma" trong Katakana được viết là "マ".', 1),
    (262, 27, N'Chọn chữ Katakana đúng với âm "mi".', N'MCQ', N'Âm "mi" trong Katakana được viết là "ミ".', 2),
    (263, 27, N'Chọn chữ Katakana đúng với âm "mu".', N'MCQ', N'Âm "mu" trong Katakana được viết là "ム".', 3),
    (264, 27, N'Chọn chữ Katakana đúng với âm "me".', N'MCQ', N'Âm "me" trong Katakana được viết là "メ".', 4),
    (265, 27, N'Chọn chữ Katakana đúng với âm "mo".', N'MCQ', N'Âm "mo" trong Katakana được viết là "モ".', 5),
    (266, 27, N'Âm đọc đúng của chữ Katakana "マ" là gì?', N'MCQ', N'Chữ Katakana "マ" được đọc là "ma".', 6),
    (267, 27, N'Âm đọc đúng của chữ Katakana "ミ" là gì?', N'MCQ', N'Chữ Katakana "ミ" được đọc là "mi".', 7),
    (268, 27, N'Âm đọc đúng của chữ Katakana "ム" là gì?', N'MCQ', N'Chữ Katakana "ム" được đọc là "mu".', 8),
    (269, 27, N'Âm đọc đúng của chữ Katakana "メ" là gì?', N'MCQ', N'Chữ Katakana "メ" được đọc là "me".', 9),
    (270, 27, N'Âm đọc đúng của chữ Katakana "モ" là gì?', N'MCQ', N'Chữ Katakana "モ" được đọc là "mo".', 10),
    (271, 28, N'Chọn chữ Katakana đúng với âm "ya".', N'MCQ', N'Âm "ya" trong Katakana được viết là "ヤ".', 1),
    (272, 28, N'Chọn chữ Katakana đúng với âm "yu".', N'MCQ', N'Âm "yu" trong Katakana được viết là "ユ".', 2),
    (273, 28, N'Chọn chữ Katakana đúng với âm "yo".', N'MCQ', N'Âm "yo" trong Katakana được viết là "ヨ".', 3),
    (274, 28, N'Âm đọc đúng của chữ Katakana "ヤ" là gì?', N'MCQ', N'Chữ Katakana "ヤ" được đọc là "ya".', 4),
    (275, 28, N'Âm đọc đúng của chữ Katakana "ユ" là gì?', N'MCQ', N'Chữ Katakana "ユ" được đọc là "yu".', 5),
    (276, 28, N'Âm đọc đúng của chữ Katakana "ヨ" là gì?', N'MCQ', N'Chữ Katakana "ヨ" được đọc là "yo".', 6),
    (277, 28, N'Chữ nào trong hàng ya của Katakana đọc là "yo"?', N'MCQ', N'Ôn tập hàng ya trong Katakana.', 7),
    (278, 28, N'Chữ nào trong hàng ya của Katakana đọc là "yu"?', N'MCQ', N'Ôn tập hàng ya trong Katakana.', 8),
    (279, 28, N'Âm đọc của chữ ヤ là gì?', N'MCQ', N'Ôn tập hàng ya trong Katakana.', 9),
    (280, 28, N'Âm đọc của chữ ヨ là gì?', N'MCQ', N'Ôn tập hàng ya trong Katakana.', 10),
    (281, 29, N'Chọn chữ Katakana đúng với âm "ra".', N'MCQ', N'Âm "ra" trong Katakana được viết là "ラ".', 1),
    (282, 29, N'Chọn chữ Katakana đúng với âm "ri".', N'MCQ', N'Âm "ri" trong Katakana được viết là "リ".', 2),
    (283, 29, N'Chọn chữ Katakana đúng với âm "ru".', N'MCQ', N'Âm "ru" trong Katakana được viết là "ル".', 3),
    (284, 29, N'Chọn chữ Katakana đúng với âm "re".', N'MCQ', N'Âm "re" trong Katakana được viết là "レ".', 4),
    (285, 29, N'Chọn chữ Katakana đúng với âm "ro".', N'MCQ', N'Âm "ro" trong Katakana được viết là "ロ".', 5),
    (286, 29, N'Âm đọc đúng của chữ Katakana "ラ" là gì?', N'MCQ', N'Chữ Katakana "ラ" được đọc là "ra".', 6),
    (287, 29, N'Âm đọc đúng của chữ Katakana "リ" là gì?', N'MCQ', N'Chữ Katakana "リ" được đọc là "ri".', 7),
    (288, 29, N'Âm đọc đúng của chữ Katakana "ル" là gì?', N'MCQ', N'Chữ Katakana "ル" được đọc là "ru".', 8),
    (289, 29, N'Âm đọc đúng của chữ Katakana "レ" là gì?', N'MCQ', N'Chữ Katakana "レ" được đọc là "re".', 9),
    (290, 29, N'Âm đọc đúng của chữ Katakana "ロ" là gì?', N'MCQ', N'Chữ Katakana "ロ" được đọc là "ro".', 10),
    (291, 30, N'Chọn chữ Katakana đúng với âm "wa".', N'MCQ', N'Âm "wa" trong Katakana được viết là "ワ".', 1),
    (292, 30, N'Chọn chữ Katakana đúng với âm "wo".', N'MCQ', N'Âm "wo" trong Katakana được viết là "ヲ".', 2),
    (293, 30, N'Chọn chữ Katakana đúng với âm "n".', N'MCQ', N'Âm "n" trong Katakana được viết là "ン".', 3),
    (294, 30, N'Âm đọc đúng của chữ Katakana "ワ" là gì?', N'MCQ', N'Chữ Katakana "ワ" được đọc là "wa".', 4),
    (295, 30, N'Âm đọc đúng của chữ Katakana "ヲ" là gì?', N'MCQ', N'Chữ Katakana "ヲ" được đọc là "wo".', 5),
    (296, 30, N'Âm đọc đúng của chữ Katakana "ン" là gì?', N'MCQ', N'Chữ Katakana "ン" được đọc là "n".', 6),
    (297, 30, N'Chữ nào trong hàng wa của Katakana đọc là "wa"?', N'MCQ', N'Ôn tập hàng wa trong Katakana.', 7),
    (298, 30, N'Chữ nào trong hàng wa của Katakana đọc là "n"?', N'MCQ', N'Ôn tập hàng wa trong Katakana.', 8),
    (299, 30, N'Âm đọc của chữ ヲ là gì?', N'MCQ', N'Ôn tập hàng wa trong Katakana.', 9),
    (300, 30, N'Âm đọc của chữ ン là gì?', N'MCQ', N'Ôn tập hàng wa trong Katakana.', 10),
    (301, 31, N'Từ nào có nghĩa là ''Chào buổi sáng''?', N'MCQ', N'おはよう dùng để chào buổi sáng.', 1),
    (302, 31, N'Từ nào có nghĩa là ''Xin cảm ơn''?', N'MCQ', N'ありがとう là lời cảm ơn cơ bản.', 2),
    (303, 31, N'Từ nào dùng để chào vào buổi tối?', N'MCQ', N'こんばんは dùng để chào buổi tối.', 3),
    (304, 31, N'Từ nào có nghĩa là ''Tạm biệt''?', N'MCQ', N'さようなら là lời tạm biệt.', 4),
    (305, 31, N'Từ nào có nghĩa là ''Xin lỗi / Làm ơn cho tôi hỏi''?', N'MCQ', N'すみません dùng để xin lỗi hoặc gọi người khác lịch sự.', 5),
    (306, 32, N'Từ nào có nghĩa là ''Mẹ''?', N'MCQ', N'おかあさん nghĩa là mẹ.', 1),
    (307, 32, N'Từ nào có nghĩa là ''Bố''?', N'MCQ', N'おとうさん nghĩa là bố.', 2),
    (308, 32, N'Từ nào có nghĩa là ''Anh trai''?', N'MCQ', N'あに nghĩa là anh trai.', 3),
    (309, 32, N'Từ nào có nghĩa là ''Chị gái''?', N'MCQ', N'あね nghĩa là chị gái.', 4),
    (310, 32, N'Từ nào có nghĩa là ''Gia đình''?', N'MCQ', N'かぞく nghĩa là gia đình.', 5),
    (311, 33, N'Từ nào có nghĩa là ''Học sinh / sinh viên''?', N'MCQ', N'がくせい nghĩa là học sinh hoặc sinh viên.', 1),
    (312, 33, N'Từ nào có nghĩa là ''Giáo viên''?', N'MCQ', N'せんせい nghĩa là giáo viên.', 2),
    (313, 33, N'Từ nào có nghĩa là ''Trường học''?', N'MCQ', N'がっこう nghĩa là trường học.', 3),
    (314, 33, N'Từ nào có nghĩa là ''Quyển sách''?', N'MCQ', N'ほん nghĩa là sách.', 4),
    (315, 33, N'Từ nào có nghĩa là ''Bút chì''?', N'MCQ', N'えんぴつ nghĩa là bút chì.', 5),
    (316, 34, N'Điền vào chỗ trống: わたし ___ がくせいです。', N'MCQ', N'Mẫu giới thiệu cơ bản là A は B です.', 1),
    (317, 34, N'Câu nào đúng với nghĩa ''Tôi là người Việt Nam''?', N'MCQ', N'Chủ ngữ dùng は trong mẫu câu khẳng định.', 2),
    (318, 34, N'Trong câu ''たなかさん は せんせいです。'', từ nào là chủ đề câu?', N'MCQ', N'たなかさん là chủ đề, đứng trước は.', 3),
    (319, 34, N'Phần nào trong câu sau biểu thị sự lịch sự ở cuối câu: ''わたし は がくせいです。''?', N'MCQ', N'です là đuôi lịch sự cơ bản.', 4),
    (320, 34, N'Câu nào đúng?', N'MCQ', N'Cấu trúc đúng là A は B です.', 5),
    (321, 35, N'Điền vào chỗ trống: これは わたし ___ ほんです。', N'MCQ', N'の dùng để nối danh từ, chỉ sự sở hữu.', 1),
    (322, 35, N'Câu nào có nghĩa là ''Đây là sách của giáo viên''?', N'MCQ', N'の mang nghĩa ''của''.', 2),
    (323, 35, N'Trong cụm ''にほんご の せんせい'', trợ từ の nối hai phần nào?', N'MCQ', N'の nối hai danh từ lại với nhau.', 3),
    (324, 35, N'Chọn câu đúng:', N'MCQ', N'わたし の なまえ = tên của tôi.', 4),
    (325, 35, N'Trợ từ の thường dùng để diễn tả điều gì?', N'MCQ', N'の thường chỉ sự sở hữu hoặc quan hệ giữa hai danh từ.', 5),
    (326, 36, N'Điền vào chỗ trống: あなた は がくせい です___。', N'MCQ', N'か đặt cuối câu để biến câu thành câu hỏi.', 1),
    (327, 36, N'Câu nào có nghĩa là ''Bạn có phải là giáo viên không?''', N'MCQ', N'Câu hỏi lịch sự kết thúc bằng か.', 2),
    (328, 36, N'Dấu hiệu nào cho thấy đây là câu hỏi trong tiếng Nhật sơ cấp?', N'MCQ', N'Trong sơ cấp, か thường đứng cuối câu hỏi.', 3),
    (329, 36, N'Trả lời ngắn phù hợp cho câu hỏi ''あなた は ベトナムじん ですか。'' là gì?', N'MCQ', N'はい、そうです là cách trả lời khẳng định đơn giản.', 4),
    (330, 36, N'Câu nào đúng?', N'MCQ', N'Mẫu câu hỏi đơn giản: A は/これ は B ですか。', 5),
    (331, 37, N'Kanji nào có nghĩa là ''ngày / mặt trời''?', N'MCQ', N'日 thường mang nghĩa ngày hoặc mặt trời.', 1),
    (332, 37, N'Cách đọc cơ bản của kanji 日 khi đứng một mình là gì?', N'MCQ', N'ひ là cách đọc kun cơ bản của 日.', 2),
    (333, 37, N'Từ nào dưới đây có chứa kanji 日?', N'MCQ', N'日本 gồm 日 + 本.', 3),
    (334, 37, N'Kanji 日 thường liên quan đến ý nghĩa nào?', N'MCQ', N'Đây là nghĩa chính của 日.', 4),
    (335, 37, N'Chọn cặp đúng:', N'MCQ', N'日 nghĩa là ngày.', 5),
    (336, 38, N'Kanji nào có nghĩa là ''tháng / mặt trăng''?', N'MCQ', N'月 mang nghĩa tháng hoặc mặt trăng.', 1),
    (337, 38, N'Cách đọc cơ bản của kanji 月 khi đứng một mình là gì?', N'MCQ', N'つき là cách đọc kun phổ biến của 月.', 2),
    (338, 38, N'Từ nào dưới đây có chứa kanji 月?', N'MCQ', N'月ようび là thứ hai.', 3),
    (339, 38, N'Kanji 月 thường liên quan đến ý nghĩa nào?', N'MCQ', N'Đây là nghĩa chính của 月.', 4),
    (340, 38, N'Chọn cặp đúng:', N'MCQ', N'月 nghĩa là mặt trăng / tháng.', 5),
    (341, 39, N'Kanji nào có nghĩa là ''người''?', N'MCQ', N'人 là kanji rất cơ bản nghĩa là người.', 1),
    (342, 39, N'Cách đọc cơ bản của kanji 人 khi đứng một mình là gì?', N'MCQ', N'ひと là cách đọc kun cơ bản của 人.', 2),
    (343, 39, N'Từ nào dưới đây có chứa kanji 人?', N'MCQ', N'人口 có chứa kanji 人.', 3),
    (344, 39, N'Kanji 人 thường liên quan đến ý nghĩa nào?', N'MCQ', N'Đây là nghĩa chính của 人.', 4),
    (345, 39, N'Chọn cặp đúng:', N'MCQ', N'人 nghĩa là người.', 5),
    (346, 40, N'Kanji nào có nghĩa là ''núi''?', N'MCQ', N'山 nghĩa là núi.', 1),
    (347, 40, N'Cách đọc cơ bản của kanji 山 khi đứng một mình là gì?', N'MCQ', N'やま là cách đọc kun cơ bản của 山.', 2),
    (348, 40, N'Từ nào dưới đây có chứa kanji 山?', N'MCQ', N'火山 nghĩa là núi lửa, có chứa 山.', 3),
    (349, 40, N'Kanji 山 thường liên quan đến ý nghĩa nào?', N'MCQ', N'Đây là nghĩa chính của 山.', 4),
    (350, 40, N'Chọn cặp đúng:', N'MCQ', N'山 nghĩa là núi.', 5),
    (351, 41, N'Kanji nào có nghĩa là ''nước''?', N'MCQ', N'水 nghĩa là nước.', 1),
    (352, 41, N'Cách đọc cơ bản của kanji 水 khi đứng một mình là gì?', N'MCQ', N'みず là cách đọc kun cơ bản của 水.', 2),
    (353, 41, N'Từ nào dưới đây có chứa kanji 水?', N'MCQ', N'水ようび là thứ tư, có chứa 水.', 3),
    (354, 41, N'Kanji 水 thường liên quan đến ý nghĩa nào?', N'MCQ', N'Đây là nghĩa chính của 水.', 4),
    (355, 41, N'Chọn cặp đúng:', N'MCQ', N'水 nghĩa là nước.', 5);
    INSERT INTO dbo.DemoJLPT_QuestionOptions (OptionId, QuestionId, OptionLabel, OptionText, IsCorrect, SortOrder)
    VALUES
    (1, 1, N'A', N'あ', 1, 1),
    (2, 1, N'B', N'い', 0, 2),
    (3, 1, N'C', N'う', 0, 3),
    (4, 1, N'D', N'え', 0, 4),
    (5, 2, N'A', N'え', 0, 1),
    (6, 2, N'B', N'お', 0, 2),
    (7, 2, N'C', N'い', 1, 3),
    (8, 2, N'D', N'う', 0, 4),
    (9, 3, N'A', N'う', 1, 1),
    (10, 3, N'B', N'え', 0, 2),
    (11, 3, N'C', N'お', 0, 3),
    (12, 3, N'D', N'あ', 0, 4),
    (13, 4, N'A', N'あ', 0, 1),
    (14, 4, N'B', N'い', 0, 2),
    (15, 4, N'C', N'え', 1, 3),
    (16, 4, N'D', N'お', 0, 4),
    (17, 5, N'A', N'お', 1, 1),
    (18, 5, N'B', N'あ', 0, 2),
    (19, 5, N'C', N'い', 0, 3),
    (20, 5, N'D', N'う', 0, 4),
    (21, 6, N'A', N'i', 0, 1),
    (22, 6, N'B', N'u', 0, 2),
    (23, 6, N'C', N'e', 0, 3),
    (24, 6, N'D', N'a', 1, 4),
    (25, 7, N'A', N'e', 0, 1),
    (26, 7, N'B', N'o', 0, 2),
    (27, 7, N'C', N'i', 1, 3),
    (28, 7, N'D', N'u', 0, 4),
    (29, 8, N'A', N'a', 0, 1),
    (30, 8, N'B', N'u', 1, 2),
    (31, 8, N'C', N'e', 0, 3),
    (32, 8, N'D', N'o', 0, 4),
    (33, 9, N'A', N'e', 1, 1),
    (34, 9, N'B', N'o', 0, 2),
    (35, 9, N'C', N'a', 0, 3),
    (36, 9, N'D', N'i', 0, 4),
    (37, 10, N'A', N'a', 0, 1),
    (38, 10, N'B', N'i', 0, 2),
    (39, 10, N'C', N'u', 0, 3),
    (40, 10, N'D', N'o', 1, 4),
    (41, 11, N'A', N'か', 1, 1),
    (42, 11, N'B', N'き', 0, 2),
    (43, 11, N'C', N'く', 0, 3),
    (44, 11, N'D', N'け', 0, 4),
    (45, 12, N'A', N'け', 0, 1),
    (46, 12, N'B', N'こ', 0, 2),
    (47, 12, N'C', N'き', 1, 3),
    (48, 12, N'D', N'く', 0, 4),
    (49, 13, N'A', N'く', 1, 1),
    (50, 13, N'B', N'け', 0, 2),
    (51, 13, N'C', N'こ', 0, 3),
    (52, 13, N'D', N'か', 0, 4),
    (53, 14, N'A', N'か', 0, 1),
    (54, 14, N'B', N'き', 0, 2),
    (55, 14, N'C', N'け', 1, 3),
    (56, 14, N'D', N'こ', 0, 4),
    (57, 15, N'A', N'こ', 1, 1),
    (58, 15, N'B', N'か', 0, 2),
    (59, 15, N'C', N'き', 0, 3),
    (60, 15, N'D', N'く', 0, 4),
    (61, 16, N'A', N'ki', 0, 1),
    (62, 16, N'B', N'ku', 0, 2),
    (63, 16, N'C', N'ke', 0, 3),
    (64, 16, N'D', N'ka', 1, 4),
    (65, 17, N'A', N'ke', 0, 1),
    (66, 17, N'B', N'ko', 0, 2),
    (67, 17, N'C', N'ki', 1, 3),
    (68, 17, N'D', N'ku', 0, 4),
    (69, 18, N'A', N'ka', 0, 1),
    (70, 18, N'B', N'ku', 1, 2),
    (71, 18, N'C', N'ke', 0, 3),
    (72, 18, N'D', N'ko', 0, 4),
    (73, 19, N'A', N'ke', 1, 1),
    (74, 19, N'B', N'ko', 0, 2),
    (75, 19, N'C', N'ka', 0, 3),
    (76, 19, N'D', N'ki', 0, 4),
    (77, 20, N'A', N'ka', 0, 1),
    (78, 20, N'B', N'ki', 0, 2),
    (79, 20, N'C', N'ku', 0, 3),
    (80, 20, N'D', N'ko', 1, 4),
    (81, 21, N'A', N'が', 1, 1),
    (82, 21, N'B', N'ぎ', 0, 2),
    (83, 21, N'C', N'ぐ', 0, 3),
    (84, 21, N'D', N'げ', 0, 4),
    (85, 22, N'A', N'げ', 0, 1),
    (86, 22, N'B', N'ご', 0, 2),
    (87, 22, N'C', N'ぎ', 1, 3),
    (88, 22, N'D', N'ぐ', 0, 4),
    (89, 23, N'A', N'ぐ', 1, 1),
    (90, 23, N'B', N'げ', 0, 2),
    (91, 23, N'C', N'ご', 0, 3),
    (92, 23, N'D', N'が', 0, 4),
    (93, 24, N'A', N'が', 0, 1),
    (94, 24, N'B', N'ぎ', 0, 2),
    (95, 24, N'C', N'げ', 1, 3),
    (96, 24, N'D', N'ご', 0, 4),
    (97, 25, N'A', N'ご', 1, 1),
    (98, 25, N'B', N'が', 0, 2),
    (99, 25, N'C', N'ぎ', 0, 3),
    (100, 25, N'D', N'ぐ', 0, 4),
    (101, 26, N'A', N'gi', 0, 1),
    (102, 26, N'B', N'gu', 0, 2),
    (103, 26, N'C', N'ge', 0, 3),
    (104, 26, N'D', N'ga', 1, 4),
    (105, 27, N'A', N'ge', 0, 1),
    (106, 27, N'B', N'go', 0, 2),
    (107, 27, N'C', N'gi', 1, 3),
    (108, 27, N'D', N'gu', 0, 4),
    (109, 28, N'A', N'ga', 0, 1),
    (110, 28, N'B', N'gu', 1, 2),
    (111, 28, N'C', N'ge', 0, 3),
    (112, 28, N'D', N'go', 0, 4),
    (113, 29, N'A', N'ge', 1, 1),
    (114, 29, N'B', N'go', 0, 2),
    (115, 29, N'C', N'ga', 0, 3),
    (116, 29, N'D', N'gi', 0, 4),
    (117, 30, N'A', N'ga', 0, 1),
    (118, 30, N'B', N'gi', 0, 2),
    (119, 30, N'C', N'gu', 0, 3),
    (120, 30, N'D', N'go', 1, 4),
    (121, 31, N'A', N'さ', 1, 1),
    (122, 31, N'B', N'し', 0, 2),
    (123, 31, N'C', N'す', 0, 3),
    (124, 31, N'D', N'せ', 0, 4),
    (125, 32, N'A', N'せ', 0, 1),
    (126, 32, N'B', N'そ', 0, 2),
    (127, 32, N'C', N'し', 1, 3),
    (128, 32, N'D', N'す', 0, 4),
    (129, 33, N'A', N'す', 1, 1),
    (130, 33, N'B', N'せ', 0, 2),
    (131, 33, N'C', N'そ', 0, 3),
    (132, 33, N'D', N'さ', 0, 4),
    (133, 34, N'A', N'さ', 0, 1),
    (134, 34, N'B', N'し', 0, 2),
    (135, 34, N'C', N'せ', 1, 3),
    (136, 34, N'D', N'そ', 0, 4),
    (137, 35, N'A', N'そ', 1, 1),
    (138, 35, N'B', N'さ', 0, 2),
    (139, 35, N'C', N'し', 0, 3),
    (140, 35, N'D', N'す', 0, 4),
    (141, 36, N'A', N'shi', 0, 1),
    (142, 36, N'B', N'su', 0, 2),
    (143, 36, N'C', N'se', 0, 3),
    (144, 36, N'D', N'sa', 1, 4),
    (145, 37, N'A', N'se', 0, 1),
    (146, 37, N'B', N'so', 0, 2),
    (147, 37, N'C', N'shi', 1, 3),
    (148, 37, N'D', N'su', 0, 4),
    (149, 38, N'A', N'sa', 0, 1),
    (150, 38, N'B', N'su', 1, 2),
    (151, 38, N'C', N'se', 0, 3),
    (152, 38, N'D', N'so', 0, 4),
    (153, 39, N'A', N'se', 1, 1),
    (154, 39, N'B', N'so', 0, 2),
    (155, 39, N'C', N'sa', 0, 3),
    (156, 39, N'D', N'shi', 0, 4),
    (157, 40, N'A', N'sa', 0, 1),
    (158, 40, N'B', N'shi', 0, 2),
    (159, 40, N'C', N'su', 0, 3),
    (160, 40, N'D', N'so', 1, 4),
    (161, 41, N'A', N'ざ', 1, 1),
    (162, 41, N'B', N'じ', 0, 2),
    (163, 41, N'C', N'ず', 0, 3),
    (164, 41, N'D', N'ぜ', 0, 4),
    (165, 42, N'A', N'ぜ', 0, 1),
    (166, 42, N'B', N'ぞ', 0, 2),
    (167, 42, N'C', N'じ', 1, 3),
    (168, 42, N'D', N'ず', 0, 4),
    (169, 43, N'A', N'ず', 1, 1),
    (170, 43, N'B', N'ぜ', 0, 2),
    (171, 43, N'C', N'ぞ', 0, 3),
    (172, 43, N'D', N'ざ', 0, 4),
    (173, 44, N'A', N'ざ', 0, 1),
    (174, 44, N'B', N'じ', 0, 2),
    (175, 44, N'C', N'ぜ', 1, 3),
    (176, 44, N'D', N'ぞ', 0, 4),
    (177, 45, N'A', N'ぞ', 1, 1),
    (178, 45, N'B', N'ざ', 0, 2),
    (179, 45, N'C', N'じ', 0, 3),
    (180, 45, N'D', N'ず', 0, 4),
    (181, 46, N'A', N'ji', 0, 1),
    (182, 46, N'B', N'zu', 0, 2),
    (183, 46, N'C', N'ze', 0, 3),
    (184, 46, N'D', N'za', 1, 4),
    (185, 47, N'A', N'ze', 0, 1),
    (186, 47, N'B', N'zo', 0, 2),
    (187, 47, N'C', N'ji', 1, 3),
    (188, 47, N'D', N'zu', 0, 4),
    (189, 48, N'A', N'za', 0, 1),
    (190, 48, N'B', N'zu', 1, 2),
    (191, 48, N'C', N'ze', 0, 3),
    (192, 48, N'D', N'zo', 0, 4),
    (193, 49, N'A', N'ze', 1, 1),
    (194, 49, N'B', N'zo', 0, 2),
    (195, 49, N'C', N'za', 0, 3),
    (196, 49, N'D', N'ji', 0, 4),
    (197, 50, N'A', N'za', 0, 1),
    (198, 50, N'B', N'ji', 0, 2),
    (199, 50, N'C', N'zu', 0, 3),
    (200, 50, N'D', N'zo', 1, 4);

    INSERT INTO dbo.DemoJLPT_QuestionOptions (OptionId, QuestionId, OptionLabel, OptionText, IsCorrect, SortOrder)
    VALUES
    (201, 51, N'A', N'た', 1, 1),
    (202, 51, N'B', N'ち', 0, 2),
    (203, 51, N'C', N'つ', 0, 3),
    (204, 51, N'D', N'て', 0, 4),
    (205, 52, N'A', N'て', 0, 1),
    (206, 52, N'B', N'と', 0, 2),
    (207, 52, N'C', N'ち', 1, 3),
    (208, 52, N'D', N'つ', 0, 4),
    (209, 53, N'A', N'つ', 1, 1),
    (210, 53, N'B', N'て', 0, 2),
    (211, 53, N'C', N'と', 0, 3),
    (212, 53, N'D', N'た', 0, 4),
    (213, 54, N'A', N'た', 0, 1),
    (214, 54, N'B', N'ち', 0, 2),
    (215, 54, N'C', N'て', 1, 3),
    (216, 54, N'D', N'と', 0, 4),
    (217, 55, N'A', N'と', 1, 1),
    (218, 55, N'B', N'た', 0, 2),
    (219, 55, N'C', N'ち', 0, 3),
    (220, 55, N'D', N'つ', 0, 4),
    (221, 56, N'A', N'chi', 0, 1),
    (222, 56, N'B', N'tsu', 0, 2),
    (223, 56, N'C', N'te', 0, 3),
    (224, 56, N'D', N'ta', 1, 4),
    (225, 57, N'A', N'te', 0, 1),
    (226, 57, N'B', N'to', 0, 2),
    (227, 57, N'C', N'chi', 1, 3),
    (228, 57, N'D', N'tsu', 0, 4),
    (229, 58, N'A', N'ta', 0, 1),
    (230, 58, N'B', N'tsu', 1, 2),
    (231, 58, N'C', N'te', 0, 3),
    (232, 58, N'D', N'to', 0, 4),
    (233, 59, N'A', N'te', 1, 1),
    (234, 59, N'B', N'to', 0, 2),
    (235, 59, N'C', N'ta', 0, 3),
    (236, 59, N'D', N'chi', 0, 4),
    (237, 60, N'A', N'ta', 0, 1),
    (238, 60, N'B', N'chi', 0, 2),
    (239, 60, N'C', N'tsu', 0, 3),
    (240, 60, N'D', N'to', 1, 4),
    (241, 61, N'A', N'だ', 1, 1),
    (242, 61, N'B', N'ぢ', 0, 2),
    (243, 61, N'C', N'づ', 0, 3),
    (244, 61, N'D', N'で', 0, 4),
    (245, 62, N'A', N'で', 0, 1),
    (246, 62, N'B', N'ど', 0, 2),
    (247, 62, N'C', N'ぢ', 1, 3),
    (248, 62, N'D', N'づ', 0, 4),
    (249, 63, N'A', N'づ', 1, 1),
    (250, 63, N'B', N'で', 0, 2),
    (251, 63, N'C', N'ど', 0, 3),
    (252, 63, N'D', N'だ', 0, 4),
    (253, 64, N'A', N'だ', 0, 1),
    (254, 64, N'B', N'ぢ', 0, 2),
    (255, 64, N'C', N'で', 1, 3),
    (256, 64, N'D', N'ど', 0, 4),
    (257, 65, N'A', N'ど', 1, 1),
    (258, 65, N'B', N'だ', 0, 2),
    (259, 65, N'C', N'ぢ', 0, 3),
    (260, 65, N'D', N'づ', 0, 4),
    (261, 66, N'A', N'ji', 0, 1),
    (262, 66, N'B', N'zu', 0, 2),
    (263, 66, N'C', N'de', 0, 3),
    (264, 66, N'D', N'da', 1, 4),
    (265, 67, N'A', N'de', 0, 1),
    (266, 67, N'B', N'do', 0, 2),
    (267, 67, N'C', N'ji', 1, 3),
    (268, 67, N'D', N'zu', 0, 4),
    (269, 68, N'A', N'da', 0, 1),
    (270, 68, N'B', N'zu', 1, 2),
    (271, 68, N'C', N'de', 0, 3),
    (272, 68, N'D', N'do', 0, 4),
    (273, 69, N'A', N'de', 1, 1),
    (274, 69, N'B', N'do', 0, 2),
    (275, 69, N'C', N'da', 0, 3),
    (276, 69, N'D', N'ji', 0, 4),
    (277, 70, N'A', N'da', 0, 1),
    (278, 70, N'B', N'ji', 0, 2),
    (279, 70, N'C', N'zu', 0, 3),
    (280, 70, N'D', N'do', 1, 4),
    (281, 71, N'A', N'な', 1, 1),
    (282, 71, N'B', N'に', 0, 2),
    (283, 71, N'C', N'ぬ', 0, 3),
    (284, 71, N'D', N'ね', 0, 4),
    (285, 72, N'A', N'ね', 0, 1),
    (286, 72, N'B', N'の', 0, 2),
    (287, 72, N'C', N'に', 1, 3),
    (288, 72, N'D', N'ぬ', 0, 4),
    (289, 73, N'A', N'ぬ', 1, 1),
    (290, 73, N'B', N'ね', 0, 2),
    (291, 73, N'C', N'の', 0, 3),
    (292, 73, N'D', N'な', 0, 4),
    (293, 74, N'A', N'な', 0, 1),
    (294, 74, N'B', N'に', 0, 2),
    (295, 74, N'C', N'ね', 1, 3),
    (296, 74, N'D', N'の', 0, 4),
    (297, 75, N'A', N'の', 1, 1),
    (298, 75, N'B', N'な', 0, 2),
    (299, 75, N'C', N'に', 0, 3),
    (300, 75, N'D', N'ぬ', 0, 4),
    (301, 76, N'A', N'ni', 0, 1),
    (302, 76, N'B', N'nu', 0, 2),
    (303, 76, N'C', N'ne', 0, 3),
    (304, 76, N'D', N'na', 1, 4),
    (305, 77, N'A', N'ne', 0, 1),
    (306, 77, N'B', N'no', 0, 2),
    (307, 77, N'C', N'ni', 1, 3),
    (308, 77, N'D', N'nu', 0, 4),
    (309, 78, N'A', N'na', 0, 1),
    (310, 78, N'B', N'nu', 1, 2),
    (311, 78, N'C', N'ne', 0, 3),
    (312, 78, N'D', N'no', 0, 4),
    (313, 79, N'A', N'ne', 1, 1),
    (314, 79, N'B', N'no', 0, 2),
    (315, 79, N'C', N'na', 0, 3),
    (316, 79, N'D', N'ni', 0, 4),
    (317, 80, N'A', N'na', 0, 1),
    (318, 80, N'B', N'ni', 0, 2),
    (319, 80, N'C', N'nu', 0, 3),
    (320, 80, N'D', N'no', 1, 4),
    (321, 81, N'A', N'は', 1, 1),
    (322, 81, N'B', N'ひ', 0, 2),
    (323, 81, N'C', N'ふ', 0, 3),
    (324, 81, N'D', N'へ', 0, 4),
    (325, 82, N'A', N'へ', 0, 1),
    (326, 82, N'B', N'ほ', 0, 2),
    (327, 82, N'C', N'ひ', 1, 3),
    (328, 82, N'D', N'ふ', 0, 4),
    (329, 83, N'A', N'ふ', 1, 1),
    (330, 83, N'B', N'へ', 0, 2),
    (331, 83, N'C', N'ほ', 0, 3),
    (332, 83, N'D', N'は', 0, 4),
    (333, 84, N'A', N'は', 0, 1),
    (334, 84, N'B', N'ひ', 0, 2),
    (335, 84, N'C', N'へ', 1, 3),
    (336, 84, N'D', N'ほ', 0, 4),
    (337, 85, N'A', N'ほ', 1, 1),
    (338, 85, N'B', N'は', 0, 2),
    (339, 85, N'C', N'ひ', 0, 3),
    (340, 85, N'D', N'ふ', 0, 4),
    (341, 86, N'A', N'hi', 0, 1),
    (342, 86, N'B', N'fu', 0, 2),
    (343, 86, N'C', N'he', 0, 3),
    (344, 86, N'D', N'ha', 1, 4),
    (345, 87, N'A', N'he', 0, 1),
    (346, 87, N'B', N'ho', 0, 2),
    (347, 87, N'C', N'hi', 1, 3),
    (348, 87, N'D', N'fu', 0, 4),
    (349, 88, N'A', N'ha', 0, 1),
    (350, 88, N'B', N'fu', 1, 2),
    (351, 88, N'C', N'he', 0, 3),
    (352, 88, N'D', N'ho', 0, 4),
    (353, 89, N'A', N'he', 1, 1),
    (354, 89, N'B', N'ho', 0, 2),
    (355, 89, N'C', N'ha', 0, 3),
    (356, 89, N'D', N'hi', 0, 4),
    (357, 90, N'A', N'ha', 0, 1),
    (358, 90, N'B', N'hi', 0, 2),
    (359, 90, N'C', N'fu', 0, 3),
    (360, 90, N'D', N'ho', 1, 4),
    (361, 91, N'A', N'ば', 1, 1),
    (362, 91, N'B', N'び', 0, 2),
    (363, 91, N'C', N'ぶ', 0, 3),
    (364, 91, N'D', N'べ', 0, 4),
    (365, 92, N'A', N'べ', 0, 1),
    (366, 92, N'B', N'ぼ', 0, 2),
    (367, 92, N'C', N'び', 1, 3),
    (368, 92, N'D', N'ぶ', 0, 4),
    (369, 93, N'A', N'ぶ', 1, 1),
    (370, 93, N'B', N'べ', 0, 2),
    (371, 93, N'C', N'ぼ', 0, 3),
    (372, 93, N'D', N'ば', 0, 4),
    (373, 94, N'A', N'ば', 0, 1),
    (374, 94, N'B', N'び', 0, 2),
    (375, 94, N'C', N'べ', 1, 3),
    (376, 94, N'D', N'ぼ', 0, 4),
    (377, 95, N'A', N'ぼ', 1, 1),
    (378, 95, N'B', N'ば', 0, 2),
    (379, 95, N'C', N'び', 0, 3),
    (380, 95, N'D', N'ぶ', 0, 4),
    (381, 96, N'A', N'bi', 0, 1),
    (382, 96, N'B', N'bu', 0, 2),
    (383, 96, N'C', N'be', 0, 3),
    (384, 96, N'D', N'ba', 1, 4),
    (385, 97, N'A', N'be', 0, 1),
    (386, 97, N'B', N'bo', 0, 2),
    (387, 97, N'C', N'bi', 1, 3),
    (388, 97, N'D', N'bu', 0, 4),
    (389, 98, N'A', N'ba', 0, 1),
    (390, 98, N'B', N'bu', 1, 2),
    (391, 98, N'C', N'be', 0, 3),
    (392, 98, N'D', N'bo', 0, 4),
    (393, 99, N'A', N'be', 1, 1),
    (394, 99, N'B', N'bo', 0, 2),
    (395, 99, N'C', N'ba', 0, 3),
    (396, 99, N'D', N'bi', 0, 4),
    (397, 100, N'A', N'ba', 0, 1),
    (398, 100, N'B', N'bi', 0, 2),
    (399, 100, N'C', N'bu', 0, 3),
    (400, 100, N'D', N'bo', 1, 4);

    INSERT INTO dbo.DemoJLPT_QuestionOptions (OptionId, QuestionId, OptionLabel, OptionText, IsCorrect, SortOrder)
    VALUES
    (401, 101, N'A', N'ぱ', 1, 1),
    (402, 101, N'B', N'ぴ', 0, 2),
    (403, 101, N'C', N'ぷ', 0, 3),
    (404, 101, N'D', N'ぺ', 0, 4),
    (405, 102, N'A', N'ぺ', 0, 1),
    (406, 102, N'B', N'ぽ', 0, 2),
    (407, 102, N'C', N'ぴ', 1, 3),
    (408, 102, N'D', N'ぷ', 0, 4),
    (409, 103, N'A', N'ぷ', 1, 1),
    (410, 103, N'B', N'ぺ', 0, 2),
    (411, 103, N'C', N'ぽ', 0, 3),
    (412, 103, N'D', N'ぱ', 0, 4),
    (413, 104, N'A', N'ぱ', 0, 1),
    (414, 104, N'B', N'ぴ', 0, 2),
    (415, 104, N'C', N'ぺ', 1, 3),
    (416, 104, N'D', N'ぽ', 0, 4),
    (417, 105, N'A', N'ぽ', 1, 1),
    (418, 105, N'B', N'ぱ', 0, 2),
    (419, 105, N'C', N'ぴ', 0, 3),
    (420, 105, N'D', N'ぷ', 0, 4),
    (421, 106, N'A', N'pi', 0, 1),
    (422, 106, N'B', N'pu', 0, 2),
    (423, 106, N'C', N'pe', 0, 3),
    (424, 106, N'D', N'pa', 1, 4),
    (425, 107, N'A', N'pe', 0, 1),
    (426, 107, N'B', N'po', 0, 2),
    (427, 107, N'C', N'pi', 1, 3),
    (428, 107, N'D', N'pu', 0, 4),
    (429, 108, N'A', N'pa', 0, 1),
    (430, 108, N'B', N'pu', 1, 2),
    (431, 108, N'C', N'pe', 0, 3),
    (432, 108, N'D', N'po', 0, 4),
    (433, 109, N'A', N'pe', 1, 1),
    (434, 109, N'B', N'po', 0, 2),
    (435, 109, N'C', N'pa', 0, 3),
    (436, 109, N'D', N'pi', 0, 4),
    (437, 110, N'A', N'pa', 0, 1),
    (438, 110, N'B', N'pi', 0, 2),
    (439, 110, N'C', N'pu', 0, 3),
    (440, 110, N'D', N'po', 1, 4),
    (441, 111, N'A', N'ま', 1, 1),
    (442, 111, N'B', N'み', 0, 2),
    (443, 111, N'C', N'む', 0, 3),
    (444, 111, N'D', N'め', 0, 4),
    (445, 112, N'A', N'め', 0, 1),
    (446, 112, N'B', N'も', 0, 2),
    (447, 112, N'C', N'み', 1, 3),
    (448, 112, N'D', N'む', 0, 4),
    (449, 113, N'A', N'む', 1, 1),
    (450, 113, N'B', N'め', 0, 2),
    (451, 113, N'C', N'も', 0, 3),
    (452, 113, N'D', N'ま', 0, 4),
    (453, 114, N'A', N'ま', 0, 1),
    (454, 114, N'B', N'み', 0, 2),
    (455, 114, N'C', N'め', 1, 3),
    (456, 114, N'D', N'も', 0, 4),
    (457, 115, N'A', N'も', 1, 1),
    (458, 115, N'B', N'ま', 0, 2),
    (459, 115, N'C', N'み', 0, 3),
    (460, 115, N'D', N'む', 0, 4),
    (461, 116, N'A', N'mi', 0, 1),
    (462, 116, N'B', N'mu', 0, 2),
    (463, 116, N'C', N'me', 0, 3),
    (464, 116, N'D', N'ma', 1, 4),
    (465, 117, N'A', N'me', 0, 1),
    (466, 117, N'B', N'mo', 0, 2),
    (467, 117, N'C', N'mi', 1, 3),
    (468, 117, N'D', N'mu', 0, 4),
    (469, 118, N'A', N'ma', 0, 1),
    (470, 118, N'B', N'mu', 1, 2),
    (471, 118, N'C', N'me', 0, 3),
    (472, 118, N'D', N'mo', 0, 4),
    (473, 119, N'A', N'me', 1, 1),
    (474, 119, N'B', N'mo', 0, 2),
    (475, 119, N'C', N'ma', 0, 3),
    (476, 119, N'D', N'mi', 0, 4),
    (477, 120, N'A', N'ma', 0, 1),
    (478, 120, N'B', N'mi', 0, 2),
    (479, 120, N'C', N'mu', 0, 3),
    (480, 120, N'D', N'mo', 1, 4),
    (481, 121, N'A', N'や', 1, 1),
    (482, 121, N'B', N'ゆ', 0, 2),
    (483, 121, N'C', N'よ', 0, 3),
    (484, 121, N'D', N'ま', 0, 4),
    (485, 122, N'A', N'ゆ', 1, 1),
    (486, 122, N'B', N'よ', 0, 2),
    (487, 122, N'C', N'ま', 0, 3),
    (488, 122, N'D', N'や', 0, 4),
    (489, 123, N'A', N'よ', 1, 1),
    (490, 123, N'B', N'ま', 0, 2),
    (491, 123, N'C', N'や', 0, 3),
    (492, 123, N'D', N'ゆ', 0, 4),
    (493, 124, N'A', N'yu', 0, 1),
    (494, 124, N'B', N'yo', 0, 2),
    (495, 124, N'C', N'ma', 0, 3),
    (496, 124, N'D', N'ya', 1, 4),
    (497, 125, N'A', N'yo', 0, 1),
    (498, 125, N'B', N'ma', 0, 2),
    (499, 125, N'C', N'ya', 0, 3),
    (500, 125, N'D', N'yu', 1, 4),
    (501, 126, N'A', N'ma', 0, 1),
    (502, 126, N'B', N'ya', 0, 2),
    (503, 126, N'C', N'yu', 0, 3),
    (504, 126, N'D', N'yo', 1, 4),
    (505, 127, N'A', N'や', 0, 1),
    (506, 127, N'B', N'ゆ', 0, 2),
    (507, 127, N'C', N'よ', 1, 3),
    (508, 127, N'D', N'ら', 0, 4),
    (509, 128, N'A', N'や', 0, 1),
    (510, 128, N'B', N'ゆ', 1, 2),
    (511, 128, N'C', N'よ', 0, 3),
    (512, 128, N'D', N'む', 0, 4),
    (513, 129, N'A', N'ya', 1, 1),
    (514, 129, N'B', N'yu', 0, 2),
    (515, 129, N'C', N'yo', 0, 3),
    (516, 129, N'D', N'wa', 0, 4),
    (517, 130, N'A', N'yo', 1, 1),
    (518, 130, N'B', N'yu', 0, 2),
    (519, 130, N'C', N'ya', 0, 3),
    (520, 130, N'D', N'ra', 0, 4),
    (521, 131, N'A', N'ら', 1, 1),
    (522, 131, N'B', N'り', 0, 2),
    (523, 131, N'C', N'る', 0, 3),
    (524, 131, N'D', N'れ', 0, 4),
    (525, 132, N'A', N'れ', 0, 1),
    (526, 132, N'B', N'ろ', 0, 2),
    (527, 132, N'C', N'り', 1, 3),
    (528, 132, N'D', N'る', 0, 4),
    (529, 133, N'A', N'る', 1, 1),
    (530, 133, N'B', N'れ', 0, 2),
    (531, 133, N'C', N'ろ', 0, 3),
    (532, 133, N'D', N'ら', 0, 4),
    (533, 134, N'A', N'ら', 0, 1),
    (534, 134, N'B', N'り', 0, 2),
    (535, 134, N'C', N'れ', 1, 3),
    (536, 134, N'D', N'ろ', 0, 4),
    (537, 135, N'A', N'ろ', 1, 1),
    (538, 135, N'B', N'ら', 0, 2),
    (539, 135, N'C', N'り', 0, 3),
    (540, 135, N'D', N'る', 0, 4),
    (541, 136, N'A', N'ri', 0, 1),
    (542, 136, N'B', N'ru', 0, 2),
    (543, 136, N'C', N're', 0, 3),
    (544, 136, N'D', N'ra', 1, 4),
    (545, 137, N'A', N're', 0, 1),
    (546, 137, N'B', N'ro', 0, 2),
    (547, 137, N'C', N'ri', 1, 3),
    (548, 137, N'D', N'ru', 0, 4),
    (549, 138, N'A', N'ra', 0, 1),
    (550, 138, N'B', N'ru', 1, 2),
    (551, 138, N'C', N're', 0, 3),
    (552, 138, N'D', N'ro', 0, 4),
    (553, 139, N'A', N're', 1, 1),
    (554, 139, N'B', N'ro', 0, 2),
    (555, 139, N'C', N'ra', 0, 3),
    (556, 139, N'D', N'ri', 0, 4),
    (557, 140, N'A', N'ra', 0, 1),
    (558, 140, N'B', N'ri', 0, 2),
    (559, 140, N'C', N'ru', 0, 3),
    (560, 140, N'D', N'ro', 1, 4),
    (561, 141, N'A', N'わ', 1, 1),
    (562, 141, N'B', N'を', 0, 2),
    (563, 141, N'C', N'ん', 0, 3),
    (564, 141, N'D', N'お', 0, 4),
    (565, 142, N'A', N'を', 1, 1),
    (566, 142, N'B', N'ん', 0, 2),
    (567, 142, N'C', N'お', 0, 3),
    (568, 142, N'D', N'わ', 0, 4),
    (569, 143, N'A', N'ん', 1, 1),
    (570, 143, N'B', N'お', 0, 2),
    (571, 143, N'C', N'わ', 0, 3),
    (572, 143, N'D', N'を', 0, 4),
    (573, 144, N'A', N'wo', 0, 1),
    (574, 144, N'B', N'n', 0, 2),
    (575, 144, N'C', N'o', 0, 3),
    (576, 144, N'D', N'wa', 1, 4),
    (577, 145, N'A', N'n', 0, 1),
    (578, 145, N'B', N'o', 0, 2),
    (579, 145, N'C', N'wa', 0, 3),
    (580, 145, N'D', N'wo', 1, 4),
    (581, 146, N'A', N'o', 0, 1),
    (582, 146, N'B', N'wa', 0, 2),
    (583, 146, N'C', N'wo', 0, 3),
    (584, 146, N'D', N'n', 1, 4),
    (585, 147, N'A', N'わ', 1, 1),
    (586, 147, N'B', N'を', 0, 2),
    (587, 147, N'C', N'ん', 0, 3),
    (588, 147, N'D', N'ら', 0, 4),
    (589, 148, N'A', N'わ', 0, 1),
    (590, 148, N'B', N'を', 0, 2),
    (591, 148, N'C', N'ん', 1, 3),
    (592, 148, N'D', N'な', 0, 4),
    (593, 149, N'A', N'wo', 1, 1),
    (594, 149, N'B', N'wa', 0, 2),
    (595, 149, N'C', N'n', 0, 3),
    (596, 149, N'D', N'o', 0, 4),
    (597, 150, N'A', N'n', 1, 1),
    (598, 150, N'B', N'wa', 0, 2),
    (599, 150, N'C', N'wo', 0, 3),
    (600, 150, N'D', N'na', 0, 4);

    INSERT INTO dbo.DemoJLPT_QuestionOptions (OptionId, QuestionId, OptionLabel, OptionText, IsCorrect, SortOrder)
    VALUES
    (601, 151, N'A', N'ア', 1, 1),
    (602, 151, N'B', N'イ', 0, 2),
    (603, 151, N'C', N'ウ', 0, 3),
    (604, 151, N'D', N'エ', 0, 4),
    (605, 152, N'A', N'エ', 0, 1),
    (606, 152, N'B', N'オ', 0, 2),
    (607, 152, N'C', N'イ', 1, 3),
    (608, 152, N'D', N'ウ', 0, 4),
    (609, 153, N'A', N'ウ', 1, 1),
    (610, 153, N'B', N'エ', 0, 2),
    (611, 153, N'C', N'オ', 0, 3),
    (612, 153, N'D', N'ア', 0, 4),
    (613, 154, N'A', N'ア', 0, 1),
    (614, 154, N'B', N'イ', 0, 2),
    (615, 154, N'C', N'エ', 1, 3),
    (616, 154, N'D', N'オ', 0, 4),
    (617, 155, N'A', N'オ', 1, 1),
    (618, 155, N'B', N'ア', 0, 2),
    (619, 155, N'C', N'イ', 0, 3),
    (620, 155, N'D', N'ウ', 0, 4),
    (621, 156, N'A', N'i', 0, 1),
    (622, 156, N'B', N'u', 0, 2),
    (623, 156, N'C', N'e', 0, 3),
    (624, 156, N'D', N'a', 1, 4),
    (625, 157, N'A', N'e', 0, 1),
    (626, 157, N'B', N'o', 0, 2),
    (627, 157, N'C', N'i', 1, 3),
    (628, 157, N'D', N'u', 0, 4),
    (629, 158, N'A', N'a', 0, 1),
    (630, 158, N'B', N'u', 1, 2),
    (631, 158, N'C', N'e', 0, 3),
    (632, 158, N'D', N'o', 0, 4),
    (633, 159, N'A', N'e', 1, 1),
    (634, 159, N'B', N'o', 0, 2),
    (635, 159, N'C', N'a', 0, 3),
    (636, 159, N'D', N'i', 0, 4),
    (637, 160, N'A', N'a', 0, 1),
    (638, 160, N'B', N'i', 0, 2),
    (639, 160, N'C', N'u', 0, 3),
    (640, 160, N'D', N'o', 1, 4),
    (641, 161, N'A', N'カ', 1, 1),
    (642, 161, N'B', N'キ', 0, 2),
    (643, 161, N'C', N'ク', 0, 3),
    (644, 161, N'D', N'ケ', 0, 4),
    (645, 162, N'A', N'ケ', 0, 1),
    (646, 162, N'B', N'コ', 0, 2),
    (647, 162, N'C', N'キ', 1, 3),
    (648, 162, N'D', N'ク', 0, 4),
    (649, 163, N'A', N'ク', 1, 1),
    (650, 163, N'B', N'ケ', 0, 2),
    (651, 163, N'C', N'コ', 0, 3),
    (652, 163, N'D', N'カ', 0, 4),
    (653, 164, N'A', N'カ', 0, 1),
    (654, 164, N'B', N'キ', 0, 2),
    (655, 164, N'C', N'ケ', 1, 3),
    (656, 164, N'D', N'コ', 0, 4),
    (657, 165, N'A', N'コ', 1, 1),
    (658, 165, N'B', N'カ', 0, 2),
    (659, 165, N'C', N'キ', 0, 3),
    (660, 165, N'D', N'ク', 0, 4),
    (661, 166, N'A', N'ki', 0, 1),
    (662, 166, N'B', N'ku', 0, 2),
    (663, 166, N'C', N'ke', 0, 3),
    (664, 166, N'D', N'ka', 1, 4),
    (665, 167, N'A', N'ke', 0, 1),
    (666, 167, N'B', N'ko', 0, 2),
    (667, 167, N'C', N'ki', 1, 3),
    (668, 167, N'D', N'ku', 0, 4),
    (669, 168, N'A', N'ka', 0, 1),
    (670, 168, N'B', N'ku', 1, 2),
    (671, 168, N'C', N'ke', 0, 3),
    (672, 168, N'D', N'ko', 0, 4),
    (673, 169, N'A', N'ke', 1, 1),
    (674, 169, N'B', N'ko', 0, 2),
    (675, 169, N'C', N'ka', 0, 3),
    (676, 169, N'D', N'ki', 0, 4),
    (677, 170, N'A', N'ka', 0, 1),
    (678, 170, N'B', N'ki', 0, 2),
    (679, 170, N'C', N'ku', 0, 3),
    (680, 170, N'D', N'ko', 1, 4),
    (681, 171, N'A', N'ガ', 1, 1),
    (682, 171, N'B', N'ギ', 0, 2),
    (683, 171, N'C', N'グ', 0, 3),
    (684, 171, N'D', N'ゲ', 0, 4),
    (685, 172, N'A', N'ゲ', 0, 1),
    (686, 172, N'B', N'ゴ', 0, 2),
    (687, 172, N'C', N'ギ', 1, 3),
    (688, 172, N'D', N'グ', 0, 4),
    (689, 173, N'A', N'グ', 1, 1),
    (690, 173, N'B', N'ゲ', 0, 2),
    (691, 173, N'C', N'ゴ', 0, 3),
    (692, 173, N'D', N'ガ', 0, 4),
    (693, 174, N'A', N'ガ', 0, 1),
    (694, 174, N'B', N'ギ', 0, 2),
    (695, 174, N'C', N'ゲ', 1, 3),
    (696, 174, N'D', N'ゴ', 0, 4),
    (697, 175, N'A', N'ゴ', 1, 1),
    (698, 175, N'B', N'ガ', 0, 2),
    (699, 175, N'C', N'ギ', 0, 3),
    (700, 175, N'D', N'グ', 0, 4),
    (701, 176, N'A', N'gi', 0, 1),
    (702, 176, N'B', N'gu', 0, 2),
    (703, 176, N'C', N'ge', 0, 3),
    (704, 176, N'D', N'ga', 1, 4),
    (705, 177, N'A', N'ge', 0, 1),
    (706, 177, N'B', N'go', 0, 2),
    (707, 177, N'C', N'gi', 1, 3),
    (708, 177, N'D', N'gu', 0, 4),
    (709, 178, N'A', N'ga', 0, 1),
    (710, 178, N'B', N'gu', 1, 2),
    (711, 178, N'C', N'ge', 0, 3),
    (712, 178, N'D', N'go', 0, 4),
    (713, 179, N'A', N'ge', 1, 1),
    (714, 179, N'B', N'go', 0, 2),
    (715, 179, N'C', N'ga', 0, 3),
    (716, 179, N'D', N'gi', 0, 4),
    (717, 180, N'A', N'ga', 0, 1),
    (718, 180, N'B', N'gi', 0, 2),
    (719, 180, N'C', N'gu', 0, 3),
    (720, 180, N'D', N'go', 1, 4),
    (721, 181, N'A', N'サ', 1, 1),
    (722, 181, N'B', N'シ', 0, 2),
    (723, 181, N'C', N'ス', 0, 3),
    (724, 181, N'D', N'セ', 0, 4),
    (725, 182, N'A', N'セ', 0, 1),
    (726, 182, N'B', N'ソ', 0, 2),
    (727, 182, N'C', N'シ', 1, 3),
    (728, 182, N'D', N'ス', 0, 4),
    (729, 183, N'A', N'ス', 1, 1),
    (730, 183, N'B', N'セ', 0, 2),
    (731, 183, N'C', N'ソ', 0, 3),
    (732, 183, N'D', N'サ', 0, 4),
    (733, 184, N'A', N'サ', 0, 1),
    (734, 184, N'B', N'シ', 0, 2),
    (735, 184, N'C', N'セ', 1, 3),
    (736, 184, N'D', N'ソ', 0, 4),
    (737, 185, N'A', N'ソ', 1, 1),
    (738, 185, N'B', N'サ', 0, 2),
    (739, 185, N'C', N'シ', 0, 3),
    (740, 185, N'D', N'ス', 0, 4),
    (741, 186, N'A', N'shi', 0, 1),
    (742, 186, N'B', N'su', 0, 2),
    (743, 186, N'C', N'se', 0, 3),
    (744, 186, N'D', N'sa', 1, 4),
    (745, 187, N'A', N'se', 0, 1),
    (746, 187, N'B', N'so', 0, 2),
    (747, 187, N'C', N'shi', 1, 3),
    (748, 187, N'D', N'su', 0, 4),
    (749, 188, N'A', N'sa', 0, 1),
    (750, 188, N'B', N'su', 1, 2),
    (751, 188, N'C', N'se', 0, 3),
    (752, 188, N'D', N'so', 0, 4),
    (753, 189, N'A', N'se', 1, 1),
    (754, 189, N'B', N'so', 0, 2),
    (755, 189, N'C', N'sa', 0, 3),
    (756, 189, N'D', N'shi', 0, 4),
    (757, 190, N'A', N'sa', 0, 1),
    (758, 190, N'B', N'shi', 0, 2),
    (759, 190, N'C', N'su', 0, 3),
    (760, 190, N'D', N'so', 1, 4),
    (761, 191, N'A', N'ザ', 1, 1),
    (762, 191, N'B', N'ジ', 0, 2),
    (763, 191, N'C', N'ズ', 0, 3),
    (764, 191, N'D', N'ゼ', 0, 4),
    (765, 192, N'A', N'ゼ', 0, 1),
    (766, 192, N'B', N'ゾ', 0, 2),
    (767, 192, N'C', N'ジ', 1, 3),
    (768, 192, N'D', N'ズ', 0, 4),
    (769, 193, N'A', N'ズ', 1, 1),
    (770, 193, N'B', N'ゼ', 0, 2),
    (771, 193, N'C', N'ゾ', 0, 3),
    (772, 193, N'D', N'ザ', 0, 4),
    (773, 194, N'A', N'ザ', 0, 1),
    (774, 194, N'B', N'ジ', 0, 2),
    (775, 194, N'C', N'ゼ', 1, 3),
    (776, 194, N'D', N'ゾ', 0, 4),
    (777, 195, N'A', N'ゾ', 1, 1),
    (778, 195, N'B', N'ザ', 0, 2),
    (779, 195, N'C', N'ジ', 0, 3),
    (780, 195, N'D', N'ズ', 0, 4),
    (781, 196, N'A', N'ji', 0, 1),
    (782, 196, N'B', N'zu', 0, 2),
    (783, 196, N'C', N'ze', 0, 3),
    (784, 196, N'D', N'za', 1, 4),
    (785, 197, N'A', N'ze', 0, 1),
    (786, 197, N'B', N'zo', 0, 2),
    (787, 197, N'C', N'ji', 1, 3),
    (788, 197, N'D', N'zu', 0, 4),
    (789, 198, N'A', N'za', 0, 1),
    (790, 198, N'B', N'zu', 1, 2),
    (791, 198, N'C', N'ze', 0, 3),
    (792, 198, N'D', N'zo', 0, 4),
    (793, 199, N'A', N'ze', 1, 1),
    (794, 199, N'B', N'zo', 0, 2),
    (795, 199, N'C', N'za', 0, 3),
    (796, 199, N'D', N'ji', 0, 4),
    (797, 200, N'A', N'za', 0, 1),
    (798, 200, N'B', N'ji', 0, 2),
    (799, 200, N'C', N'zu', 0, 3),
    (800, 200, N'D', N'zo', 1, 4);

    INSERT INTO dbo.DemoJLPT_QuestionOptions (OptionId, QuestionId, OptionLabel, OptionText, IsCorrect, SortOrder)
    VALUES
    (801, 201, N'A', N'タ', 1, 1),
    (802, 201, N'B', N'チ', 0, 2),
    (803, 201, N'C', N'ツ', 0, 3),
    (804, 201, N'D', N'テ', 0, 4),
    (805, 202, N'A', N'テ', 0, 1),
    (806, 202, N'B', N'ト', 0, 2),
    (807, 202, N'C', N'チ', 1, 3),
    (808, 202, N'D', N'ツ', 0, 4),
    (809, 203, N'A', N'ツ', 1, 1),
    (810, 203, N'B', N'テ', 0, 2),
    (811, 203, N'C', N'ト', 0, 3),
    (812, 203, N'D', N'タ', 0, 4),
    (813, 204, N'A', N'タ', 0, 1),
    (814, 204, N'B', N'チ', 0, 2),
    (815, 204, N'C', N'テ', 1, 3),
    (816, 204, N'D', N'ト', 0, 4),
    (817, 205, N'A', N'ト', 1, 1),
    (818, 205, N'B', N'タ', 0, 2),
    (819, 205, N'C', N'チ', 0, 3),
    (820, 205, N'D', N'ツ', 0, 4),
    (821, 206, N'A', N'chi', 0, 1),
    (822, 206, N'B', N'tsu', 0, 2),
    (823, 206, N'C', N'te', 0, 3),
    (824, 206, N'D', N'ta', 1, 4),
    (825, 207, N'A', N'te', 0, 1),
    (826, 207, N'B', N'to', 0, 2),
    (827, 207, N'C', N'chi', 1, 3),
    (828, 207, N'D', N'tsu', 0, 4),
    (829, 208, N'A', N'ta', 0, 1),
    (830, 208, N'B', N'tsu', 1, 2),
    (831, 208, N'C', N'te', 0, 3),
    (832, 208, N'D', N'to', 0, 4),
    (833, 209, N'A', N'te', 1, 1),
    (834, 209, N'B', N'to', 0, 2),
    (835, 209, N'C', N'ta', 0, 3),
    (836, 209, N'D', N'chi', 0, 4),
    (837, 210, N'A', N'ta', 0, 1),
    (838, 210, N'B', N'chi', 0, 2),
    (839, 210, N'C', N'tsu', 0, 3),
    (840, 210, N'D', N'to', 1, 4),
    (841, 211, N'A', N'ダ', 1, 1),
    (842, 211, N'B', N'ヂ', 0, 2),
    (843, 211, N'C', N'ヅ', 0, 3),
    (844, 211, N'D', N'デ', 0, 4),
    (845, 212, N'A', N'デ', 0, 1),
    (846, 212, N'B', N'ド', 0, 2),
    (847, 212, N'C', N'ヂ', 1, 3),
    (848, 212, N'D', N'ヅ', 0, 4),
    (849, 213, N'A', N'ヅ', 1, 1),
    (850, 213, N'B', N'デ', 0, 2),
    (851, 213, N'C', N'ド', 0, 3),
    (852, 213, N'D', N'ダ', 0, 4),
    (853, 214, N'A', N'ダ', 0, 1),
    (854, 214, N'B', N'ヂ', 0, 2),
    (855, 214, N'C', N'デ', 1, 3),
    (856, 214, N'D', N'ド', 0, 4),
    (857, 215, N'A', N'ド', 1, 1),
    (858, 215, N'B', N'ダ', 0, 2),
    (859, 215, N'C', N'ヂ', 0, 3),
    (860, 215, N'D', N'ヅ', 0, 4),
    (861, 216, N'A', N'ji', 0, 1),
    (862, 216, N'B', N'zu', 0, 2),
    (863, 216, N'C', N'de', 0, 3),
    (864, 216, N'D', N'da', 1, 4),
    (865, 217, N'A', N'de', 0, 1),
    (866, 217, N'B', N'do', 0, 2),
    (867, 217, N'C', N'ji', 1, 3),
    (868, 217, N'D', N'zu', 0, 4),
    (869, 218, N'A', N'da', 0, 1),
    (870, 218, N'B', N'zu', 1, 2),
    (871, 218, N'C', N'de', 0, 3),
    (872, 218, N'D', N'do', 0, 4),
    (873, 219, N'A', N'de', 1, 1),
    (874, 219, N'B', N'do', 0, 2),
    (875, 219, N'C', N'da', 0, 3),
    (876, 219, N'D', N'ji', 0, 4),
    (877, 220, N'A', N'da', 0, 1),
    (878, 220, N'B', N'ji', 0, 2),
    (879, 220, N'C', N'zu', 0, 3),
    (880, 220, N'D', N'do', 1, 4),
    (881, 221, N'A', N'ナ', 1, 1),
    (882, 221, N'B', N'ニ', 0, 2),
    (883, 221, N'C', N'ヌ', 0, 3),
    (884, 221, N'D', N'ネ', 0, 4),
    (885, 222, N'A', N'ネ', 0, 1),
    (886, 222, N'B', N'ノ', 0, 2),
    (887, 222, N'C', N'ニ', 1, 3),
    (888, 222, N'D', N'ヌ', 0, 4),
    (889, 223, N'A', N'ヌ', 1, 1),
    (890, 223, N'B', N'ネ', 0, 2),
    (891, 223, N'C', N'ノ', 0, 3),
    (892, 223, N'D', N'ナ', 0, 4),
    (893, 224, N'A', N'ナ', 0, 1),
    (894, 224, N'B', N'ニ', 0, 2),
    (895, 224, N'C', N'ネ', 1, 3),
    (896, 224, N'D', N'ノ', 0, 4),
    (897, 225, N'A', N'ノ', 1, 1),
    (898, 225, N'B', N'ナ', 0, 2),
    (899, 225, N'C', N'ニ', 0, 3),
    (900, 225, N'D', N'ヌ', 0, 4),
    (901, 226, N'A', N'ni', 0, 1),
    (902, 226, N'B', N'nu', 0, 2),
    (903, 226, N'C', N'ne', 0, 3),
    (904, 226, N'D', N'na', 1, 4),
    (905, 227, N'A', N'ne', 0, 1),
    (906, 227, N'B', N'no', 0, 2),
    (907, 227, N'C', N'ni', 1, 3),
    (908, 227, N'D', N'nu', 0, 4),
    (909, 228, N'A', N'na', 0, 1),
    (910, 228, N'B', N'nu', 1, 2),
    (911, 228, N'C', N'ne', 0, 3),
    (912, 228, N'D', N'no', 0, 4),
    (913, 229, N'A', N'ne', 1, 1),
    (914, 229, N'B', N'no', 0, 2),
    (915, 229, N'C', N'na', 0, 3),
    (916, 229, N'D', N'ni', 0, 4),
    (917, 230, N'A', N'na', 0, 1),
    (918, 230, N'B', N'ni', 0, 2),
    (919, 230, N'C', N'nu', 0, 3),
    (920, 230, N'D', N'no', 1, 4),
    (921, 231, N'A', N'ハ', 1, 1),
    (922, 231, N'B', N'ヒ', 0, 2),
    (923, 231, N'C', N'フ', 0, 3),
    (924, 231, N'D', N'ヘ', 0, 4),
    (925, 232, N'A', N'ヘ', 0, 1),
    (926, 232, N'B', N'ホ', 0, 2),
    (927, 232, N'C', N'ヒ', 1, 3),
    (928, 232, N'D', N'フ', 0, 4),
    (929, 233, N'A', N'フ', 1, 1),
    (930, 233, N'B', N'ヘ', 0, 2),
    (931, 233, N'C', N'ホ', 0, 3),
    (932, 233, N'D', N'ハ', 0, 4),
    (933, 234, N'A', N'ハ', 0, 1),
    (934, 234, N'B', N'ヒ', 0, 2),
    (935, 234, N'C', N'ヘ', 1, 3),
    (936, 234, N'D', N'ホ', 0, 4),
    (937, 235, N'A', N'ホ', 1, 1),
    (938, 235, N'B', N'ハ', 0, 2),
    (939, 235, N'C', N'ヒ', 0, 3),
    (940, 235, N'D', N'フ', 0, 4),
    (941, 236, N'A', N'hi', 0, 1),
    (942, 236, N'B', N'fu', 0, 2),
    (943, 236, N'C', N'he', 0, 3),
    (944, 236, N'D', N'ha', 1, 4),
    (945, 237, N'A', N'he', 0, 1),
    (946, 237, N'B', N'ho', 0, 2),
    (947, 237, N'C', N'hi', 1, 3),
    (948, 237, N'D', N'fu', 0, 4),
    (949, 238, N'A', N'ha', 0, 1),
    (950, 238, N'B', N'fu', 1, 2),
    (951, 238, N'C', N'he', 0, 3),
    (952, 238, N'D', N'ho', 0, 4),
    (953, 239, N'A', N'he', 1, 1),
    (954, 239, N'B', N'ho', 0, 2),
    (955, 239, N'C', N'ha', 0, 3),
    (956, 239, N'D', N'hi', 0, 4),
    (957, 240, N'A', N'ha', 0, 1),
    (958, 240, N'B', N'hi', 0, 2),
    (959, 240, N'C', N'fu', 0, 3),
    (960, 240, N'D', N'ho', 1, 4),
    (961, 241, N'A', N'バ', 1, 1),
    (962, 241, N'B', N'ビ', 0, 2),
    (963, 241, N'C', N'ブ', 0, 3),
    (964, 241, N'D', N'ベ', 0, 4),
    (965, 242, N'A', N'ベ', 0, 1),
    (966, 242, N'B', N'ボ', 0, 2),
    (967, 242, N'C', N'ビ', 1, 3),
    (968, 242, N'D', N'ブ', 0, 4),
    (969, 243, N'A', N'ブ', 1, 1),
    (970, 243, N'B', N'ベ', 0, 2),
    (971, 243, N'C', N'ボ', 0, 3),
    (972, 243, N'D', N'バ', 0, 4),
    (973, 244, N'A', N'バ', 0, 1),
    (974, 244, N'B', N'ビ', 0, 2),
    (975, 244, N'C', N'ベ', 1, 3),
    (976, 244, N'D', N'ボ', 0, 4),
    (977, 245, N'A', N'ボ', 1, 1),
    (978, 245, N'B', N'バ', 0, 2),
    (979, 245, N'C', N'ビ', 0, 3),
    (980, 245, N'D', N'ブ', 0, 4),
    (981, 246, N'A', N'bi', 0, 1),
    (982, 246, N'B', N'bu', 0, 2),
    (983, 246, N'C', N'be', 0, 3),
    (984, 246, N'D', N'ba', 1, 4),
    (985, 247, N'A', N'be', 0, 1),
    (986, 247, N'B', N'bo', 0, 2),
    (987, 247, N'C', N'bi', 1, 3),
    (988, 247, N'D', N'bu', 0, 4),
    (989, 248, N'A', N'ba', 0, 1),
    (990, 248, N'B', N'bu', 1, 2),
    (991, 248, N'C', N'be', 0, 3),
    (992, 248, N'D', N'bo', 0, 4),
    (993, 249, N'A', N'be', 1, 1),
    (994, 249, N'B', N'bo', 0, 2),
    (995, 249, N'C', N'ba', 0, 3),
    (996, 249, N'D', N'bi', 0, 4),
    (997, 250, N'A', N'ba', 0, 1),
    (998, 250, N'B', N'bi', 0, 2),
    (999, 250, N'C', N'bu', 0, 3),
    (1000, 250, N'D', N'bo', 1, 4);

    INSERT INTO dbo.DemoJLPT_QuestionOptions (OptionId, QuestionId, OptionLabel, OptionText, IsCorrect, SortOrder)
    VALUES
    (1001, 251, N'A', N'パ', 1, 1),
    (1002, 251, N'B', N'ピ', 0, 2),
    (1003, 251, N'C', N'プ', 0, 3),
    (1004, 251, N'D', N'ペ', 0, 4),
    (1005, 252, N'A', N'ペ', 0, 1),
    (1006, 252, N'B', N'ポ', 0, 2),
    (1007, 252, N'C', N'ピ', 1, 3),
    (1008, 252, N'D', N'プ', 0, 4),
    (1009, 253, N'A', N'プ', 1, 1),
    (1010, 253, N'B', N'ペ', 0, 2),
    (1011, 253, N'C', N'ポ', 0, 3),
    (1012, 253, N'D', N'パ', 0, 4),
    (1013, 254, N'A', N'パ', 0, 1),
    (1014, 254, N'B', N'ピ', 0, 2),
    (1015, 254, N'C', N'ペ', 1, 3),
    (1016, 254, N'D', N'ポ', 0, 4),
    (1017, 255, N'A', N'ポ', 1, 1),
    (1018, 255, N'B', N'パ', 0, 2),
    (1019, 255, N'C', N'ピ', 0, 3),
    (1020, 255, N'D', N'プ', 0, 4),
    (1021, 256, N'A', N'pi', 0, 1),
    (1022, 256, N'B', N'pu', 0, 2),
    (1023, 256, N'C', N'pe', 0, 3),
    (1024, 256, N'D', N'pa', 1, 4),
    (1025, 257, N'A', N'pe', 0, 1),
    (1026, 257, N'B', N'po', 0, 2),
    (1027, 257, N'C', N'pi', 1, 3),
    (1028, 257, N'D', N'pu', 0, 4),
    (1029, 258, N'A', N'pa', 0, 1),
    (1030, 258, N'B', N'pu', 1, 2),
    (1031, 258, N'C', N'pe', 0, 3),
    (1032, 258, N'D', N'po', 0, 4),
    (1033, 259, N'A', N'pe', 1, 1),
    (1034, 259, N'B', N'po', 0, 2),
    (1035, 259, N'C', N'pa', 0, 3),
    (1036, 259, N'D', N'pi', 0, 4),
    (1037, 260, N'A', N'pa', 0, 1),
    (1038, 260, N'B', N'pi', 0, 2),
    (1039, 260, N'C', N'pu', 0, 3),
    (1040, 260, N'D', N'po', 1, 4),
    (1041, 261, N'A', N'マ', 1, 1),
    (1042, 261, N'B', N'ミ', 0, 2),
    (1043, 261, N'C', N'ム', 0, 3),
    (1044, 261, N'D', N'メ', 0, 4),
    (1045, 262, N'A', N'メ', 0, 1),
    (1046, 262, N'B', N'モ', 0, 2),
    (1047, 262, N'C', N'ミ', 1, 3),
    (1048, 262, N'D', N'ム', 0, 4),
    (1049, 263, N'A', N'ム', 1, 1),
    (1050, 263, N'B', N'メ', 0, 2),
    (1051, 263, N'C', N'モ', 0, 3),
    (1052, 263, N'D', N'マ', 0, 4),
    (1053, 264, N'A', N'マ', 0, 1),
    (1054, 264, N'B', N'ミ', 0, 2),
    (1055, 264, N'C', N'メ', 1, 3),
    (1056, 264, N'D', N'モ', 0, 4),
    (1057, 265, N'A', N'モ', 1, 1),
    (1058, 265, N'B', N'マ', 0, 2),
    (1059, 265, N'C', N'ミ', 0, 3),
    (1060, 265, N'D', N'ム', 0, 4),
    (1061, 266, N'A', N'mi', 0, 1),
    (1062, 266, N'B', N'mu', 0, 2),
    (1063, 266, N'C', N'me', 0, 3),
    (1064, 266, N'D', N'ma', 1, 4),
    (1065, 267, N'A', N'me', 0, 1),
    (1066, 267, N'B', N'mo', 0, 2),
    (1067, 267, N'C', N'mi', 1, 3),
    (1068, 267, N'D', N'mu', 0, 4),
    (1069, 268, N'A', N'ma', 0, 1),
    (1070, 268, N'B', N'mu', 1, 2),
    (1071, 268, N'C', N'me', 0, 3),
    (1072, 268, N'D', N'mo', 0, 4),
    (1073, 269, N'A', N'me', 1, 1),
    (1074, 269, N'B', N'mo', 0, 2),
    (1075, 269, N'C', N'ma', 0, 3),
    (1076, 269, N'D', N'mi', 0, 4),
    (1077, 270, N'A', N'ma', 0, 1),
    (1078, 270, N'B', N'mi', 0, 2),
    (1079, 270, N'C', N'mu', 0, 3),
    (1080, 270, N'D', N'mo', 1, 4),
    (1081, 271, N'A', N'ヤ', 1, 1),
    (1082, 271, N'B', N'ユ', 0, 2),
    (1083, 271, N'C', N'ヨ', 0, 3),
    (1084, 271, N'D', N'マ', 0, 4),
    (1085, 272, N'A', N'ユ', 1, 1),
    (1086, 272, N'B', N'ヨ', 0, 2),
    (1087, 272, N'C', N'マ', 0, 3),
    (1088, 272, N'D', N'ヤ', 0, 4),
    (1089, 273, N'A', N'ヨ', 1, 1),
    (1090, 273, N'B', N'マ', 0, 2),
    (1091, 273, N'C', N'ヤ', 0, 3),
    (1092, 273, N'D', N'ユ', 0, 4),
    (1093, 274, N'A', N'yu', 0, 1),
    (1094, 274, N'B', N'yo', 0, 2),
    (1095, 274, N'C', N'ma', 0, 3),
    (1096, 274, N'D', N'ya', 1, 4),
    (1097, 275, N'A', N'yo', 0, 1),
    (1098, 275, N'B', N'ma', 0, 2),
    (1099, 275, N'C', N'ya', 0, 3),
    (1100, 275, N'D', N'yu', 1, 4),
    (1101, 276, N'A', N'ma', 0, 1),
    (1102, 276, N'B', N'ya', 0, 2),
    (1103, 276, N'C', N'yu', 0, 3),
    (1104, 276, N'D', N'yo', 1, 4),
    (1105, 277, N'A', N'ヤ', 0, 1),
    (1106, 277, N'B', N'ユ', 0, 2),
    (1107, 277, N'C', N'ヨ', 1, 3),
    (1108, 277, N'D', N'ラ', 0, 4),
    (1109, 278, N'A', N'ヤ', 0, 1),
    (1110, 278, N'B', N'ユ', 1, 2),
    (1111, 278, N'C', N'ヨ', 0, 3),
    (1112, 278, N'D', N'ム', 0, 4),
    (1113, 279, N'A', N'ya', 1, 1),
    (1114, 279, N'B', N'yu', 0, 2),
    (1115, 279, N'C', N'yo', 0, 3),
    (1116, 279, N'D', N'wa', 0, 4),
    (1117, 280, N'A', N'yo', 1, 1),
    (1118, 280, N'B', N'yu', 0, 2),
    (1119, 280, N'C', N'ya', 0, 3),
    (1120, 280, N'D', N'ra', 0, 4),
    (1121, 281, N'A', N'ラ', 1, 1),
    (1122, 281, N'B', N'リ', 0, 2),
    (1123, 281, N'C', N'ル', 0, 3),
    (1124, 281, N'D', N'レ', 0, 4),
    (1125, 282, N'A', N'レ', 0, 1),
    (1126, 282, N'B', N'ロ', 0, 2),
    (1127, 282, N'C', N'リ', 1, 3),
    (1128, 282, N'D', N'ル', 0, 4),
    (1129, 283, N'A', N'ル', 1, 1),
    (1130, 283, N'B', N'レ', 0, 2),
    (1131, 283, N'C', N'ロ', 0, 3),
    (1132, 283, N'D', N'ラ', 0, 4),
    (1133, 284, N'A', N'ラ', 0, 1),
    (1134, 284, N'B', N'リ', 0, 2),
    (1135, 284, N'C', N'レ', 1, 3),
    (1136, 284, N'D', N'ロ', 0, 4),
    (1137, 285, N'A', N'ロ', 1, 1),
    (1138, 285, N'B', N'ラ', 0, 2),
    (1139, 285, N'C', N'リ', 0, 3),
    (1140, 285, N'D', N'ル', 0, 4),
    (1141, 286, N'A', N'ri', 0, 1),
    (1142, 286, N'B', N'ru', 0, 2),
    (1143, 286, N'C', N're', 0, 3),
    (1144, 286, N'D', N'ra', 1, 4),
    (1145, 287, N'A', N're', 0, 1),
    (1146, 287, N'B', N'ro', 0, 2),
    (1147, 287, N'C', N'ri', 1, 3),
    (1148, 287, N'D', N'ru', 0, 4),
    (1149, 288, N'A', N'ra', 0, 1),
    (1150, 288, N'B', N'ru', 1, 2),
    (1151, 288, N'C', N're', 0, 3),
    (1152, 288, N'D', N'ro', 0, 4),
    (1153, 289, N'A', N're', 1, 1),
    (1154, 289, N'B', N'ro', 0, 2),
    (1155, 289, N'C', N'ra', 0, 3),
    (1156, 289, N'D', N'ri', 0, 4),
    (1157, 290, N'A', N'ra', 0, 1),
    (1158, 290, N'B', N'ri', 0, 2),
    (1159, 290, N'C', N'ru', 0, 3),
    (1160, 290, N'D', N'ro', 1, 4),
    (1161, 291, N'A', N'ワ', 1, 1),
    (1162, 291, N'B', N'ヲ', 0, 2),
    (1163, 291, N'C', N'ン', 0, 3),
    (1164, 291, N'D', N'オ', 0, 4),
    (1165, 292, N'A', N'ヲ', 1, 1),
    (1166, 292, N'B', N'ン', 0, 2),
    (1167, 292, N'C', N'オ', 0, 3),
    (1168, 292, N'D', N'ワ', 0, 4),
    (1169, 293, N'A', N'ン', 1, 1),
    (1170, 293, N'B', N'オ', 0, 2),
    (1171, 293, N'C', N'ワ', 0, 3),
    (1172, 293, N'D', N'ヲ', 0, 4),
    (1173, 294, N'A', N'wo', 0, 1),
    (1174, 294, N'B', N'n', 0, 2),
    (1175, 294, N'C', N'o', 0, 3),
    (1176, 294, N'D', N'wa', 1, 4),
    (1177, 295, N'A', N'n', 0, 1),
    (1178, 295, N'B', N'o', 0, 2),
    (1179, 295, N'C', N'wa', 0, 3),
    (1180, 295, N'D', N'wo', 1, 4),
    (1181, 296, N'A', N'o', 0, 1),
    (1182, 296, N'B', N'wa', 0, 2),
    (1183, 296, N'C', N'wo', 0, 3),
    (1184, 296, N'D', N'n', 1, 4),
    (1185, 297, N'A', N'ワ', 1, 1),
    (1186, 297, N'B', N'ヲ', 0, 2),
    (1187, 297, N'C', N'ン', 0, 3),
    (1188, 297, N'D', N'ラ', 0, 4),
    (1189, 298, N'A', N'ワ', 0, 1),
    (1190, 298, N'B', N'ヲ', 0, 2),
    (1191, 298, N'C', N'ン', 1, 3),
    (1192, 298, N'D', N'ナ', 0, 4),
    (1193, 299, N'A', N'wo', 1, 1),
    (1194, 299, N'B', N'wa', 0, 2),
    (1195, 299, N'C', N'n', 0, 3),
    (1196, 299, N'D', N'o', 0, 4),
    (1197, 300, N'A', N'n', 1, 1),
    (1198, 300, N'B', N'wa', 0, 2),
    (1199, 300, N'C', N'wo', 0, 3),
    (1200, 300, N'D', N'na', 0, 4);

    INSERT INTO dbo.DemoJLPT_QuestionOptions (OptionId, QuestionId, OptionLabel, OptionText, IsCorrect, SortOrder)
    VALUES
    (1201, 301, N'A', N'おはよう', 1, 1),
    (1202, 301, N'B', N'こんばんは', 0, 2),
    (1203, 301, N'C', N'ありがとう', 0, 3),
    (1204, 301, N'D', N'さようなら', 0, 4),
    (1205, 302, N'A', N'こんにちは', 0, 1),
    (1206, 302, N'B', N'ありがとう', 1, 2),
    (1207, 302, N'C', N'おやすみ', 0, 3),
    (1208, 302, N'D', N'すみません', 0, 4),
    (1209, 303, N'A', N'おはよう', 0, 1),
    (1210, 303, N'B', N'こんにちは', 0, 2),
    (1211, 303, N'C', N'こんばんは', 1, 3),
    (1212, 303, N'D', N'いただきます', 0, 4),
    (1213, 304, N'A', N'さようなら', 1, 1),
    (1214, 304, N'B', N'こんにちは', 0, 2),
    (1215, 304, N'C', N'おねがいします', 0, 3),
    (1216, 304, N'D', N'はじめまして', 0, 4),
    (1217, 305, N'A', N'ありがとう', 0, 1),
    (1218, 305, N'B', N'すみません', 1, 2),
    (1219, 305, N'C', N'こんばんは', 0, 3),
    (1220, 305, N'D', N'おはよう', 0, 4),
    (1221, 306, N'A', N'おとうさん', 0, 1),
    (1222, 306, N'B', N'おかあさん', 1, 2),
    (1223, 306, N'C', N'あに', 0, 3),
    (1224, 306, N'D', N'あね', 0, 4),
    (1225, 307, N'A', N'おばあさん', 0, 1),
    (1226, 307, N'B', N'いもうと', 0, 2),
    (1227, 307, N'C', N'おとうさん', 1, 3),
    (1228, 307, N'D', N'おじいさん', 0, 4),
    (1229, 308, N'A', N'あに', 1, 1),
    (1230, 308, N'B', N'あね', 0, 2),
    (1231, 308, N'C', N'おとうと', 0, 3),
    (1232, 308, N'D', N'いもうと', 0, 4),
    (1233, 309, N'A', N'あね', 1, 1),
    (1234, 309, N'B', N'あに', 0, 2),
    (1235, 309, N'C', N'はは', 0, 3),
    (1236, 309, N'D', N'ちち', 0, 4),
    (1237, 310, N'A', N'がっこう', 0, 1),
    (1238, 310, N'B', N'かぞく', 1, 2),
    (1239, 310, N'C', N'へや', 0, 3),
    (1240, 310, N'D', N'ともだち', 0, 4),
    (1241, 311, N'A', N'せんせい', 0, 1),
    (1242, 311, N'B', N'がくせい', 1, 2),
    (1243, 311, N'C', N'かいしゃいん', 0, 3),
    (1244, 311, N'D', N'いしゃ', 0, 4),
    (1245, 312, N'A', N'がくせい', 0, 1),
    (1246, 312, N'B', N'せんせい', 1, 2),
    (1247, 312, N'C', N'ともだち', 0, 3),
    (1248, 312, N'D', N'かぞく', 0, 4),
    (1249, 313, N'A', N'がっこう', 1, 1),
    (1250, 313, N'B', N'としょかん', 0, 2),
    (1251, 313, N'C', N'びょういん', 0, 3),
    (1252, 313, N'D', N'えき', 0, 4),
    (1253, 314, N'A', N'つくえ', 0, 1),
    (1254, 314, N'B', N'いす', 0, 2),
    (1255, 314, N'C', N'ほん', 1, 3),
    (1256, 314, N'D', N'かばん', 0, 4),
    (1257, 315, N'A', N'ぺん', 0, 1),
    (1258, 315, N'B', N'えんぴつ', 1, 2),
    (1259, 315, N'C', N'けしごむ', 0, 3),
    (1260, 315, N'D', N'ノート', 0, 4),
    (1261, 316, N'A', N'は', 1, 1),
    (1262, 316, N'B', N'の', 0, 2),
    (1263, 316, N'C', N'を', 0, 3),
    (1264, 316, N'D', N'で', 0, 4),
    (1265, 317, N'A', N'わたし は ベトナムじん です。', 1, 1),
    (1266, 317, N'B', N'わたし の ベトナムじん です。', 0, 2),
    (1267, 317, N'C', N'わたし を ベトナムじん です。', 0, 3),
    (1268, 317, N'D', N'わたし で ベトナムじん です。', 0, 4),
    (1269, 318, N'A', N'たなかさん', 1, 1),
    (1270, 318, N'B', N'は', 0, 2),
    (1271, 318, N'C', N'せんせい', 0, 3),
    (1272, 318, N'D', N'です', 0, 4),
    (1273, 319, N'A', N'わたし', 0, 1),
    (1274, 319, N'B', N'は', 0, 2),
    (1275, 319, N'C', N'がくせい', 0, 3),
    (1276, 319, N'D', N'です', 1, 4),
    (1277, 320, N'A', N'これ は ほん です。', 1, 1),
    (1278, 320, N'B', N'これ の ほん です。', 0, 2),
    (1279, 320, N'C', N'これ を ほん です。', 0, 3),
    (1280, 320, N'D', N'これ で ほん です。', 0, 4),
    (1281, 321, N'A', N'は', 0, 1),
    (1282, 321, N'B', N'の', 1, 2),
    (1283, 321, N'C', N'を', 0, 3),
    (1284, 321, N'D', N'に', 0, 4),
    (1285, 322, N'A', N'これは せんせい は ほんです。', 0, 1),
    (1286, 322, N'B', N'これは せんせい の ほんです。', 1, 2),
    (1287, 322, N'C', N'これは せんせい を ほんです。', 0, 3),
    (1288, 322, N'D', N'これは せんせい に ほんです。', 0, 4),
    (1289, 323, N'A', N'にほんご và せんせい', 1, 1),
    (1290, 323, N'B', N'にほんご và の', 0, 2),
    (1291, 323, N'C', N'の và せんせい', 0, 3),
    (1292, 323, N'D', N'không nối phần nào', 0, 4),
    (1293, 324, N'A', N'わたし の なまえ は An です。', 1, 1),
    (1294, 324, N'B', N'わたし は の なまえ An です。', 0, 2),
    (1295, 324, N'C', N'わたし を なまえ の An です。', 0, 3),
    (1296, 324, N'D', N'わたし に なまえ は An です。', 0, 4),
    (1297, 325, N'A', N'Sở hữu / mối quan hệ', 1, 1),
    (1298, 325, N'B', N'Chỉ tân ngữ', 0, 2),
    (1299, 325, N'C', N'Chỉ nơi chốn', 0, 3),
    (1300, 325, N'D', N'Chỉ thời gian', 0, 4),
    (1301, 326, N'A', N'は', 0, 1),
    (1302, 326, N'B', N'の', 0, 2),
    (1303, 326, N'C', N'か', 1, 3),
    (1304, 326, N'D', N'を', 0, 4),
    (1305, 327, N'A', N'あなた は せんせい です。', 0, 1),
    (1306, 327, N'B', N'あなた は せんせい ですか。', 1, 2),
    (1307, 327, N'C', N'あなた の せんせい です。', 0, 3),
    (1308, 327, N'D', N'あなた を せんせい ですか。', 0, 4),
    (1309, 328, N'A', N'Trợ từ は', 0, 1),
    (1310, 328, N'B', N'Trợ từ の', 0, 2),
    (1311, 328, N'C', N'Chữ か ở cuối câu', 1, 3),
    (1312, 328, N'D', N'Chữ を ở đầu câu', 0, 4),
    (1313, 329, N'A', N'はい、そうです。', 1, 1),
    (1314, 329, N'B', N'の、そうです。', 0, 2),
    (1315, 329, N'C', N'を、そうです。', 0, 3),
    (1316, 329, N'D', N'か、そうです。', 0, 4),
    (1317, 330, N'A', N'これは ほん ですか。', 1, 1),
    (1318, 330, N'B', N'これは の ほん ですか。', 0, 2),
    (1319, 330, N'C', N'これは を ほん ですか。', 0, 3),
    (1320, 330, N'D', N'これ か ほん です。', 0, 4),
    (1321, 331, N'A', N'日', 1, 1),
    (1322, 331, N'B', N'月', 0, 2),
    (1323, 331, N'C', N'山', 0, 3),
    (1324, 331, N'D', N'水', 0, 4),
    (1325, 332, N'A', N'ひ', 1, 1),
    (1326, 332, N'B', N'つき', 0, 2),
    (1327, 332, N'C', N'ひと', 0, 3),
    (1328, 332, N'D', N'みず', 0, 4),
    (1329, 333, N'A', N'日本', 1, 1),
    (1330, 333, N'B', N'山川', 0, 2),
    (1331, 333, N'C', N'水田', 0, 3),
    (1332, 333, N'D', N'人口', 0, 4),
    (1333, 334, N'A', N'Ngày tháng / mặt trời', 1, 1),
    (1334, 334, N'B', N'Người', 0, 2),
    (1335, 334, N'C', N'Núi', 0, 3),
    (1336, 334, N'D', N'Nước', 0, 4),
    (1337, 335, N'A', N'日 = ngày', 1, 1),
    (1338, 335, N'B', N'日 = người', 0, 2),
    (1339, 335, N'C', N'日 = núi', 0, 3),
    (1340, 335, N'D', N'日 = nước', 0, 4),
    (1341, 336, N'A', N'人', 0, 1),
    (1342, 336, N'B', N'月', 1, 2),
    (1343, 336, N'C', N'山', 0, 3),
    (1344, 336, N'D', N'日', 0, 4),
    (1345, 337, N'A', N'やま', 0, 1),
    (1346, 337, N'B', N'ひ', 0, 2),
    (1347, 337, N'C', N'つき', 1, 3),
    (1348, 337, N'D', N'みず', 0, 4),
    (1349, 338, N'A', N'月ようび', 1, 1),
    (1350, 338, N'B', N'日本', 0, 2),
    (1351, 338, N'C', N'人口', 0, 3),
    (1352, 338, N'D', N'水田', 0, 4),
    (1353, 339, N'A', N'Người', 0, 1),
    (1354, 339, N'B', N'Tháng / mặt trăng', 1, 2),
    (1355, 339, N'C', N'Núi', 0, 3),
    (1356, 339, N'D', N'Nước', 0, 4),
    (1357, 340, N'A', N'月 = mặt trăng', 1, 1),
    (1358, 340, N'B', N'月 = người', 0, 2),
    (1359, 340, N'C', N'月 = nước', 0, 3),
    (1360, 340, N'D', N'月 = núi', 0, 4),
    (1361, 341, N'A', N'水', 0, 1),
    (1362, 341, N'B', N'日', 0, 2),
    (1363, 341, N'C', N'人', 1, 3),
    (1364, 341, N'D', N'山', 0, 4),
    (1365, 342, N'A', N'ひと', 1, 1),
    (1366, 342, N'B', N'つき', 0, 2),
    (1367, 342, N'C', N'やま', 0, 3),
    (1368, 342, N'D', N'みず', 0, 4),
    (1369, 343, N'A', N'日本', 0, 1),
    (1370, 343, N'B', N'人口', 1, 2),
    (1371, 343, N'C', N'水ようび', 0, 3),
    (1372, 343, N'D', N'山川', 0, 4),
    (1373, 344, N'A', N'Người', 1, 1),
    (1374, 344, N'B', N'Núi', 0, 2),
    (1375, 344, N'C', N'Ngày', 0, 3),
    (1376, 344, N'D', N'Nước', 0, 4),
    (1377, 345, N'A', N'人 = người', 1, 1),
    (1378, 345, N'B', N'人 = núi', 0, 2),
    (1379, 345, N'C', N'人 = tháng', 0, 3),
    (1380, 345, N'D', N'人 = nước', 0, 4),
    (1381, 346, N'A', N'山', 1, 1),
    (1382, 346, N'B', N'人', 0, 2),
    (1383, 346, N'C', N'月', 0, 3),
    (1384, 346, N'D', N'日', 0, 4),
    (1385, 347, N'A', N'みず', 0, 1),
    (1386, 347, N'B', N'ひと', 0, 2),
    (1387, 347, N'C', N'つき', 0, 3),
    (1388, 347, N'D', N'やま', 1, 4),
    (1389, 348, N'A', N'火山', 1, 1),
    (1390, 348, N'B', N'人口', 0, 2),
    (1391, 348, N'C', N'日本', 0, 3),
    (1392, 348, N'D', N'水ようび', 0, 4),
    (1393, 349, N'A', N'Núi', 1, 1),
    (1394, 349, N'B', N'Người', 0, 2),
    (1395, 349, N'C', N'Ngày', 0, 3),
    (1396, 349, N'D', N'Nước', 0, 4),
    (1397, 350, N'A', N'山 = núi', 1, 1),
    (1398, 350, N'B', N'山 = người', 0, 2),
    (1399, 350, N'C', N'山 = ngày', 0, 3),
    (1400, 350, N'D', N'山 = nước', 0, 4);

    INSERT INTO dbo.DemoJLPT_QuestionOptions (OptionId, QuestionId, OptionLabel, OptionText, IsCorrect, SortOrder)
    VALUES
    (1401, 351, N'A', N'山', 0, 1),
    (1402, 351, N'B', N'月', 0, 2),
    (1403, 351, N'C', N'人', 0, 3),
    (1404, 351, N'D', N'水', 1, 4),
    (1405, 352, N'A', N'みず', 1, 1),
    (1406, 352, N'B', N'やま', 0, 2),
    (1407, 352, N'C', N'つき', 0, 3),
    (1408, 352, N'D', N'ひ', 0, 4),
    (1409, 353, N'A', N'水ようび', 1, 1),
    (1410, 353, N'B', N'日本', 0, 2),
    (1411, 353, N'C', N'人口', 0, 3),
    (1412, 353, N'D', N'火山', 0, 4),
    (1413, 354, N'A', N'Người', 0, 1),
    (1414, 354, N'B', N'Nước', 1, 2),
    (1415, 354, N'C', N'Núi', 0, 3),
    (1416, 354, N'D', N'Ngày', 0, 4),
    (1417, 355, N'A', N'水 = nước', 1, 1),
    (1418, 355, N'B', N'水 = núi', 0, 2),
    (1419, 355, N'C', N'水 = người', 0, 3),
    (1420, 355, N'D', N'水 = ngày', 0, 4);

    PRINT N'Seed DemoJLPT N5 thành công.';

    SELECT
        (SELECT COUNT(*) FROM dbo.DemoJLPT_Levels) AS LevelCount,
        (SELECT COUNT(*) FROM dbo.DemoJLPT_Topics) AS TopicCount,
        (SELECT COUNT(*) FROM dbo.DemoJLPT_Lessons) AS LessonCount,
        (SELECT COUNT(*) FROM dbo.DemoJLPT_Questions) AS QuestionCount,
        (SELECT COUNT(*) FROM dbo.DemoJLPT_QuestionOptions) AS OptionCount;

    -------------------------------------------------------------------------
    -- Map DEMO data into current project schema (EF-compatible)
    -- Tables:
    --   [Level](LevelId identity, LevelName)
    --   [Topic](TopicId identity, TopicName, LevelId)
    --   Lessons(LessonId identity, TopicId, LessonName, BaseXP)
    --   Questions(QuestionId identity, LessonId, Content, OrderIndex)
    --   QuestionOptions(OptionId identity, QuestionId, OptionText, IsCorrect)
    --
    -- NOTE:
    -- - Keeps ALL question/option text exactly as seeded above (Unicode via N'...')
    -- - Ignores demo-only fields: Code/Description/Explanation/Label/SortOrder columns.
    -------------------------------------------------------------------------

    PRINT N'--- Mapping DemoJLPT_* -> current schema tables ---';

    -- 1) Ensure Level N5 exists (current project uses LevelName like N5/N4/...)
    IF NOT EXISTS (SELECT 1 FROM dbo.[Level] WHERE LevelName = N'N5')
    BEGIN
        INSERT INTO dbo.[Level] (LevelName) VALUES (N'N5');
    END

    DECLARE @LevelN5_Id INT = (SELECT TOP 1 LevelId FROM dbo.[Level] WHERE LevelName = N'N5');

    -- 2) Upsert Topics (by name within level)
    MERGE dbo.[Topic] AS tgt
    USING (
        SELECT DISTINCT
            TopicName = src.TopicName
        FROM dbo.DemoJLPT_Topics AS src
    ) AS src
    ON tgt.LevelId = @LevelN5_Id AND tgt.TopicName = src.TopicName
    WHEN NOT MATCHED THEN
        INSERT (TopicName, LevelId) VALUES (src.TopicName, @LevelN5_Id);

    -- 3) Upsert Lessons (by (TopicName, LessonName))
    ;WITH DemoLessons AS
    (
        SELECT
            dl.LessonId AS DemoLessonId,
            dt.TopicName,
            dl.LessonName
        FROM dbo.DemoJLPT_Lessons dl
        INNER JOIN dbo.DemoJLPT_Topics dt ON dt.TopicId = dl.TopicId
    )
    MERGE dbo.Lessons AS tgt
    USING (
        SELECT
            DemoLessonId,
            TopicId = t.TopicId,
            LessonName
        FROM DemoLessons d
        INNER JOIN dbo.[Topic] t ON t.LevelId = @LevelN5_Id AND t.TopicName = d.TopicName
    ) AS src
    ON tgt.TopicId = src.TopicId AND tgt.LessonName = src.LessonName
    WHEN NOT MATCHED THEN
        INSERT (LessonName, TopicId, BaseXP) VALUES (src.LessonName, src.TopicId, 10);

    -- 4) Insert Questions + map DemoQuestionId -> QuestionId
    IF OBJECT_ID(N'tempdb..#QuestionMap', N'U') IS NOT NULL DROP TABLE #QuestionMap;
    CREATE TABLE #QuestionMap
    (
        DemoQuestionId INT NOT NULL PRIMARY KEY,
        QuestionId INT NOT NULL
    );

    ;WITH LessonMap AS
    (
        SELECT
            dl.LessonId AS DemoLessonId,
            l.LessonId AS LessonId
        FROM dbo.DemoJLPT_Lessons dl
        INNER JOIN dbo.DemoJLPT_Topics dt ON dt.TopicId = dl.TopicId
        INNER JOIN dbo.[Topic] t ON t.LevelId = @LevelN5_Id AND t.TopicName = dt.TopicName
        INNER JOIN dbo.Lessons l ON l.TopicId = t.TopicId AND l.LessonName = dl.LessonName
    ),
    DemoQuestions AS
    (
        SELECT
            q.QuestionId AS DemoQuestionId,
            lm.LessonId,
            q.QuestionText AS Content,
            q.SortOrder AS OrderIndex
        FROM dbo.DemoJLPT_Questions q
        INNER JOIN LessonMap lm ON lm.DemoLessonId = q.LessonId
    )
    MERGE dbo.Questions AS tgt
    USING DemoQuestions AS src
    ON tgt.LessonId = src.LessonId
       AND tgt.OrderIndex = src.OrderIndex
       AND tgt.Content = src.Content
    WHEN NOT MATCHED THEN
        INSERT (LessonId, Content, OrderIndex) VALUES (src.LessonId, src.Content, src.OrderIndex)
    OUTPUT src.DemoQuestionId, inserted.QuestionId INTO #QuestionMap (DemoQuestionId, QuestionId);

    -- For questions that already existed (matched), add them to the map as well
    INSERT INTO #QuestionMap (DemoQuestionId, QuestionId)
    SELECT
        src.DemoQuestionId,
        q2.QuestionId
    FROM (
        SELECT
            q.QuestionId AS DemoQuestionId,
            lm.LessonId,
            q.QuestionText AS Content,
            q.SortOrder AS OrderIndex
        FROM dbo.DemoJLPT_Questions q
        INNER JOIN (
            SELECT
                dl.LessonId AS DemoLessonId,
                l.LessonId AS LessonId
            FROM dbo.DemoJLPT_Lessons dl
            INNER JOIN dbo.DemoJLPT_Topics dt ON dt.TopicId = dl.TopicId
            INNER JOIN dbo.[Topic] t ON t.LevelId = @LevelN5_Id AND t.TopicName = dt.TopicName
            INNER JOIN dbo.Lessons l ON l.TopicId = t.TopicId AND l.LessonName = dl.LessonName
        ) lm ON lm.DemoLessonId = q.LessonId
    ) AS src
    INNER JOIN dbo.Questions q2
        ON q2.LessonId = src.LessonId AND q2.OrderIndex = src.OrderIndex AND q2.Content = src.Content
    WHERE NOT EXISTS (SELECT 1 FROM #QuestionMap qm WHERE qm.DemoQuestionId = src.DemoQuestionId);

    -- 5) Upsert QuestionOptions (by (QuestionId, OptionText, IsCorrect))
    ;WITH DemoOptions AS
    (
        SELECT
            qm.QuestionId,
            o.OptionText,
            o.IsCorrect
        FROM dbo.DemoJLPT_QuestionOptions o
        INNER JOIN #QuestionMap qm ON qm.DemoQuestionId = o.QuestionId
    )
    MERGE dbo.QuestionOptions AS tgt
    USING DemoOptions AS src
    ON tgt.QuestionId = src.QuestionId
       AND tgt.OptionText = src.OptionText
       AND tgt.IsCorrect = src.IsCorrect
    WHEN NOT MATCHED THEN
        INSERT (QuestionId, OptionText, IsCorrect) VALUES (src.QuestionId, src.OptionText, src.IsCorrect);

    PRINT N'Mapping finished.';

    SELECT
        (SELECT COUNT(*) FROM dbo.[Topic] WHERE LevelId = @LevelN5_Id) AS TopicCount_CurrentSchema_N5,
        (SELECT COUNT(*) FROM dbo.Lessons l INNER JOIN dbo.[Topic] t ON t.TopicId = l.TopicId WHERE t.LevelId = @LevelN5_Id) AS LessonCount_CurrentSchema_N5,
        (SELECT COUNT(*) FROM dbo.Questions q INNER JOIN dbo.Lessons l ON l.LessonId = q.LessonId INNER JOIN dbo.[Topic] t ON t.TopicId = l.TopicId WHERE t.LevelId = @LevelN5_Id) AS QuestionCount_CurrentSchema_N5,
        (SELECT COUNT(*) FROM dbo.QuestionOptions o INNER JOIN dbo.Questions q ON q.QuestionId = o.QuestionId INNER JOIN dbo.Lessons l ON l.LessonId = q.LessonId INNER JOIN dbo.[Topic] t ON t.TopicId = l.TopicId WHERE t.LevelId = @LevelN5_Id) AS OptionCount_CurrentSchema_N5;

    COMMIT TRANSACTION;
END TRY
BEGIN CATCH
    IF @@TRANCOUNT > 0
        ROLLBACK TRANSACTION;

    DECLARE @ErrorMessage NVARCHAR(4000) = ERROR_MESSAGE();
    DECLARE @ErrorLine INT = ERROR_LINE();
    DECLARE @ErrorNumber INT = ERROR_NUMBER();

    RAISERROR(N'Lỗi khi seed DemoJLPT N5. Number: %d, Line: %d, Message: %s', 16, 1, @ErrorNumber, @ErrorLine, @ErrorMessage);
END CATCH;
